docname,topic,proportion
blog_content_cleaned.csv:27,002,0.820565
blog_content_cleaned.csv:27,003,0.166715
blog_content_cleaned.csv:27,001,0.01272
blog_content_cleaned.csv:62,004,0.730211
blog_content_cleaned.csv:62,001,0.269789
blog_content_cleaned.csv:97,004,0.754237
blog_content_cleaned.csv:97,006,0.222603
blog_content_cleaned.csv:97,002,0.02316
blog_content_cleaned.csv:132,001,0.974819
blog_content_cleaned.csv:132,000,0.025181
blog_content_cleaned.csv:167,001,0.524374
blog_content_cleaned.csv:167,004,0.35864
blog_content_cleaned.csv:167,003,0.116986
blog_content_cleaned.csv:197,005,0.550573
blog_content_cleaned.csv:197,001,0.291245
blog_content_cleaned.csv:197,003,0.143617
blog_content_cleaned.csv:197,002,0.014566
blog_content_cleaned.csv:232,000,0.957732
blog_content_cleaned.csv:232,001,0.042268
blog_content_cleaned.csv:267,003,0.953588
blog_content_cleaned.csv:267,002,0.046412
blog_content_cleaned.csv:302,000,0.633388
blog_content_cleaned.csv:302,004,0.186122
blog_content_cleaned.csv:302,001,0.18049
blog_content_cleaned.csv:337,002,0.760391
blog_content_cleaned.csv:337,005,0.229067
blog_content_cleaned.csv:337,003,0.010542
blog_content_cleaned.csv:372,004,0.645782
blog_content_cleaned.csv:372,003,0.241107
blog_content_cleaned.csv:372,001,0.06611
blog_content_cleaned.csv:372,002,0.047001
blog_content_cleaned.csv:4,006,0.630523
blog_content_cleaned.csv:4,007,0.323701
blog_content_cleaned.csv:4,004,0.045775
blog_content_cleaned.csv:39,000,0.55118
blog_content_cleaned.csv:39,005,0.448819
blog_content_cleaned.csv:74,000,0.945884
blog_content_cleaned.csv:74,002,0.054116
blog_content_cleaned.csv:109,003,0.781688
blog_content_cleaned.csv:109,000,0.113685
blog_content_cleaned.csv:109,001,0.104627
blog_content_cleaned.csv:144,003,0.898954
blog_content_cleaned.csv:144,000,0.084249
blog_content_cleaned.csv:144,004,0.016797
blog_content_cleaned.csv:179,002,0.336024
blog_content_cleaned.csv:179,000,0.279623
blog_content_cleaned.csv:179,005,0.19016
blog_content_cleaned.csv:179,007,0.126341
blog_content_cleaned.csv:179,001,0.067853
blog_content_cleaned.csv:209,007,0.388795
blog_content_cleaned.csv:209,004,0.220618
blog_content_cleaned.csv:209,006,0.204838
blog_content_cleaned.csv:209,003,0.185749
blog_content_cleaned.csv:244,002,0.635369
blog_content_cleaned.csv:244,001,0.364631
blog_content_cleaned.csv:279,000,0.460684
blog_content_cleaned.csv:279,003,0.394182
blog_content_cleaned.csv:279,007,0.090919
blog_content_cleaned.csv:279,001,0.054216
blog_content_cleaned.csv:314,005,0.744358
blog_content_cleaned.csv:314,007,0.1443
blog_content_cleaned.csv:314,006,0.104009
blog_content_cleaned.csv:314,003,0.007333
blog_content_cleaned.csv:349,007,0.961904
blog_content_cleaned.csv:349,000,0.038096
blog_content_cleaned.csv:384,000,0.771305
blog_content_cleaned.csv:384,005,0.122102
blog_content_cleaned.csv:384,001,0.106593
blog_content_cleaned.csv:24,001,0.608201
blog_content_cleaned.csv:24,004,0.331932
blog_content_cleaned.csv:24,007,0.034004
blog_content_cleaned.csv:24,003,0.025863
blog_content_cleaned.csv:59,000,0.832182
blog_content_cleaned.csv:59,003,0.167818
blog_content_cleaned.csv:94,003,0.600441
blog_content_cleaned.csv:94,005,0.389947
blog_content_cleaned.csv:94,001,0.009612
blog_content_cleaned.csv:129,001,0.489866
blog_content_cleaned.csv:129,005,0.22695
blog_content_cleaned.csv:129,004,0.127434
blog_content_cleaned.csv:129,002,0.078912
blog_content_cleaned.csv:129,000,0.076838
blog_content_cleaned.csv:164,004,0.470587
blog_content_cleaned.csv:164,000,0.367276
blog_content_cleaned.csv:164,001,0.086318
blog_content_cleaned.csv:164,005,0.044171
blog_content_cleaned.csv:164,003,0.031648
blog_content_cleaned.csv:194,003,0.725393
blog_content_cleaned.csv:194,000,0.188377
blog_content_cleaned.csv:194,006,0.08623
blog_content_cleaned.csv:229,004,0.9891
blog_content_cleaned.csv:229,000,0.0109
blog_content_cleaned.csv:264,004,0.48033
blog_content_cleaned.csv:264,002,0.352478
blog_content_cleaned.csv:264,003,0.167192
blog_content_cleaned.csv:299,007,0.975662
blog_content_cleaned.csv:299,005,0.024338
blog_content_cleaned.csv:334,000,0.328108
blog_content_cleaned.csv:334,005,0.299235
blog_content_cleaned.csv:334,002,0.234645
blog_content_cleaned.csv:334,001,0.138012
blog_content_cleaned.csv:369,001,0.385622
blog_content_cleaned.csv:369,005,0.370317
blog_content_cleaned.csv:369,002,0.160835
blog_content_cleaned.csv:369,003,0.083227
blog_content_cleaned.csv:5,001,0.60597
blog_content_cleaned.csv:5,002,0.203033
blog_content_cleaned.csv:5,000,0.097545
blog_content_cleaned.csv:5,005,0.093452
blog_content_cleaned.csv:40,005,0.746299
blog_content_cleaned.csv:40,003,0.115606
blog_content_cleaned.csv:40,002,0.085938
blog_content_cleaned.csv:40,000,0.052157
blog_content_cleaned.csv:75,000,0.792039
blog_content_cleaned.csv:75,004,0.207961
blog_content_cleaned.csv:110,000,0.509349
blog_content_cleaned.csv:110,007,0.226939
blog_content_cleaned.csv:110,001,0.168099
blog_content_cleaned.csv:110,005,0.095614
blog_content_cleaned.csv:145,006,0.678464
blog_content_cleaned.csv:145,000,0.257113
blog_content_cleaned.csv:145,004,0.064423
blog_content_cleaned.csv:180,002,0.688355
blog_content_cleaned.csv:180,001,0.263936
blog_content_cleaned.csv:180,005,0.04771
blog_content_cleaned.csv:210,007,0.867177
blog_content_cleaned.csv:210,000,0.090457
blog_content_cleaned.csv:210,002,0.042367
blog_content_cleaned.csv:245,004,0.629544
blog_content_cleaned.csv:245,000,0.286039
blog_content_cleaned.csv:245,001,0.084418
blog_content_cleaned.csv:280,001,0.744658
blog_content_cleaned.csv:280,003,0.255342
blog_content_cleaned.csv:315,001,0.912453
blog_content_cleaned.csv:315,003,0.087547
blog_content_cleaned.csv:350,002,0.996696
blog_content_cleaned.csv:350,001,0.003305
blog_content_cleaned.csv:385,003,0.940528
blog_content_cleaned.csv:385,000,0.032082
blog_content_cleaned.csv:385,006,0.02739
blog_content_cleaned.csv:11,006,0.681776
blog_content_cleaned.csv:11,004,0.230131
blog_content_cleaned.csv:11,002,0.088094
blog_content_cleaned.csv:46,005,0.577089
blog_content_cleaned.csv:46,000,0.352817
blog_content_cleaned.csv:46,002,0.070094
blog_content_cleaned.csv:81,002,0.354188
blog_content_cleaned.csv:81,003,0.251655
blog_content_cleaned.csv:81,005,0.174579
blog_content_cleaned.csv:81,004,0.136367
blog_content_cleaned.csv:81,006,0.083211
blog_content_cleaned.csv:116,002,0.555892
blog_content_cleaned.csv:116,005,0.18905
blog_content_cleaned.csv:116,003,0.143366
blog_content_cleaned.csv:116,000,0.111692
blog_content_cleaned.csv:151,002,0.537854
blog_content_cleaned.csv:151,005,0.222357
blog_content_cleaned.csv:151,001,0.084094
blog_content_cleaned.csv:151,004,0.079698
blog_content_cleaned.csv:151,000,0.075997
blog_content_cleaned.csv:186,007,0.869389
blog_content_cleaned.csv:186,004,0.101318
blog_content_cleaned.csv:186,005,0.029293
blog_content_cleaned.csv:216,004,0.923603
blog_content_cleaned.csv:216,005,0.076397
blog_content_cleaned.csv:251,003,0.45897
blog_content_cleaned.csv:251,004,0.38454
blog_content_cleaned.csv:251,000,0.15649
blog_content_cleaned.csv:286,005,0.531518
blog_content_cleaned.csv:286,003,0.468482
blog_content_cleaned.csv:321,001,0.949677
blog_content_cleaned.csv:321,003,0.050323
blog_content_cleaned.csv:356,007,0.958545
blog_content_cleaned.csv:356,000,0.041455
blog_content_cleaned.csv:391,001,0.666542
blog_content_cleaned.csv:391,006,0.221471
blog_content_cleaned.csv:391,004,0.111987
blog_content_cleaned.csv:21,005,0.84442
blog_content_cleaned.csv:21,000,0.13717
blog_content_cleaned.csv:21,004,0.01841
blog_content_cleaned.csv:56,004,0.403533
blog_content_cleaned.csv:56,000,0.376339
blog_content_cleaned.csv:56,005,0.220129
blog_content_cleaned.csv:91,001,0.491175
blog_content_cleaned.csv:91,002,0.265343
blog_content_cleaned.csv:91,005,0.243482
blog_content_cleaned.csv:126,001,0.552447
blog_content_cleaned.csv:126,004,0.191099
blog_content_cleaned.csv:126,002,0.131141
blog_content_cleaned.csv:126,003,0.125313
blog_content_cleaned.csv:161,000,0.572469
blog_content_cleaned.csv:161,001,0.251423
blog_content_cleaned.csv:161,004,0.123709
blog_content_cleaned.csv:161,005,0.052399
blog_content_cleaned.csv:191,002,0.844104
blog_content_cleaned.csv:191,004,0.139364
blog_content_cleaned.csv:191,001,0.016532
blog_content_cleaned.csv:226,000,0.531712
blog_content_cleaned.csv:226,006,0.464693
blog_content_cleaned.csv:226,001,0.003595
blog_content_cleaned.csv:261,007,0.776782
blog_content_cleaned.csv:261,003,0.178934
blog_content_cleaned.csv:261,000,0.044284
blog_content_cleaned.csv:296,006,0.451102
blog_content_cleaned.csv:296,007,0.240894
blog_content_cleaned.csv:296,004,0.166232
blog_content_cleaned.csv:296,001,0.068515
blog_content_cleaned.csv:296,003,0.054465
blog_content_cleaned.csv:296,002,0.018793
blog_content_cleaned.csv:331,002,0.848495
blog_content_cleaned.csv:331,001,0.151505
blog_content_cleaned.csv:366,005,0.624987
blog_content_cleaned.csv:366,002,0.30073
blog_content_cleaned.csv:366,003,0.074283
blog_content_cleaned.csv:33,003,0.532003
blog_content_cleaned.csv:33,007,0.45326
blog_content_cleaned.csv:33,004,0.014738
blog_content_cleaned.csv:68,000,1.0
blog_content_cleaned.csv:103,003,0.576837
blog_content_cleaned.csv:103,000,0.296018
blog_content_cleaned.csv:103,004,0.127145
blog_content_cleaned.csv:138,000,0.37002
blog_content_cleaned.csv:138,003,0.311804
blog_content_cleaned.csv:138,004,0.265049
blog_content_cleaned.csv:138,005,0.053127
blog_content_cleaned.csv:173,001,0.967224
blog_content_cleaned.csv:173,000,0.032776
blog_content_cleaned.csv:203,004,0.752904
blog_content_cleaned.csv:203,001,0.177853
blog_content_cleaned.csv:203,005,0.069242
blog_content_cleaned.csv:238,000,0.865718
blog_content_cleaned.csv:238,007,0.134282
blog_content_cleaned.csv:273,000,0.5571
blog_content_cleaned.csv:273,001,0.267517
blog_content_cleaned.csv:273,003,0.15415
blog_content_cleaned.csv:273,004,0.021233
blog_content_cleaned.csv:308,006,0.88751
blog_content_cleaned.csv:308,007,0.11249
blog_content_cleaned.csv:343,001,0.82341
blog_content_cleaned.csv:343,000,0.17659
blog_content_cleaned.csv:378,002,0.472367
blog_content_cleaned.csv:378,001,0.452891
blog_content_cleaned.csv:378,004,0.074742
blog_content_cleaned.csv:15,001,0.532146
blog_content_cleaned.csv:15,004,0.235948
blog_content_cleaned.csv:15,003,0.231907
blog_content_cleaned.csv:50,001,0.483101
blog_content_cleaned.csv:50,005,0.298237
blog_content_cleaned.csv:50,000,0.218662
blog_content_cleaned.csv:85,003,0.530545
blog_content_cleaned.csv:85,004,0.274094
blog_content_cleaned.csv:85,001,0.195361
blog_content_cleaned.csv:120,004,0.517804
blog_content_cleaned.csv:120,005,0.166807
blog_content_cleaned.csv:120,001,0.138821
blog_content_cleaned.csv:120,000,0.102864
blog_content_cleaned.csv:120,003,0.073705
blog_content_cleaned.csv:155,004,0.645137
blog_content_cleaned.csv:155,003,0.239565
blog_content_cleaned.csv:155,001,0.115299
blog_content_cleaned.csv:220,000,0.640716
blog_content_cleaned.csv:220,002,0.359284
blog_content_cleaned.csv:255,006,0.486223
blog_content_cleaned.csv:255,000,0.325682
blog_content_cleaned.csv:255,002,0.105604
blog_content_cleaned.csv:255,001,0.082491
blog_content_cleaned.csv:290,002,0.647627
blog_content_cleaned.csv:290,000,0.283262
blog_content_cleaned.csv:290,004,0.069111
blog_content_cleaned.csv:325,006,0.98252
blog_content_cleaned.csv:325,001,0.01748
blog_content_cleaned.csv:360,004,0.500385
blog_content_cleaned.csv:360,001,0.255263
blog_content_cleaned.csv:360,007,0.208635
blog_content_cleaned.csv:360,003,0.035717
blog_content_cleaned.csv:29,005,0.485758
blog_content_cleaned.csv:29,001,0.472182
blog_content_cleaned.csv:29,007,0.042061
blog_content_cleaned.csv:64,005,0.332336
blog_content_cleaned.csv:64,000,0.252071
blog_content_cleaned.csv:64,006,0.23369
blog_content_cleaned.csv:64,003,0.181903
blog_content_cleaned.csv:99,000,0.846651
blog_content_cleaned.csv:99,006,0.106275
blog_content_cleaned.csv:99,004,0.047074
blog_content_cleaned.csv:134,006,0.664238
blog_content_cleaned.csv:134,000,0.224751
blog_content_cleaned.csv:134,004,0.111011
blog_content_cleaned.csv:169,007,0.7001
blog_content_cleaned.csv:169,004,0.176516
blog_content_cleaned.csv:169,005,0.116729
blog_content_cleaned.csv:169,001,0.006655
blog_content_cleaned.csv:199,000,0.53465
blog_content_cleaned.csv:199,007,0.46535
blog_content_cleaned.csv:234,000,0.510576
blog_content_cleaned.csv:234,001,0.291871
blog_content_cleaned.csv:234,004,0.197553
blog_content_cleaned.csv:269,003,0.983068
blog_content_cleaned.csv:269,000,0.016932
blog_content_cleaned.csv:304,001,0.913134
blog_content_cleaned.csv:304,004,0.086866
blog_content_cleaned.csv:339,000,0.477268
blog_content_cleaned.csv:339,004,0.26594
blog_content_cleaned.csv:339,003,0.158626
blog_content_cleaned.csv:339,001,0.098166
blog_content_cleaned.csv:374,002,1.0
blog_content_cleaned.csv:17,000,0.925547
blog_content_cleaned.csv:17,004,0.047416
blog_content_cleaned.csv:17,001,0.027037
blog_content_cleaned.csv:52,001,0.375189
blog_content_cleaned.csv:52,002,0.370488
blog_content_cleaned.csv:52,004,0.254323
blog_content_cleaned.csv:87,001,0.755222
blog_content_cleaned.csv:87,005,0.149997
blog_content_cleaned.csv:87,003,0.077564
blog_content_cleaned.csv:87,000,0.017217
blog_content_cleaned.csv:122,004,0.613771
blog_content_cleaned.csv:122,000,0.281493
blog_content_cleaned.csv:122,003,0.077329
blog_content_cleaned.csv:122,001,0.027407
blog_content_cleaned.csv:157,007,0.815647
blog_content_cleaned.csv:157,005,0.109348
blog_content_cleaned.csv:157,003,0.075006
blog_content_cleaned.csv:222,001,0.890215
blog_content_cleaned.csv:222,005,0.109785
blog_content_cleaned.csv:257,003,0.935369
blog_content_cleaned.csv:257,005,0.040216
blog_content_cleaned.csv:257,004,0.024415
blog_content_cleaned.csv:292,006,0.409367
blog_content_cleaned.csv:292,003,0.225548
blog_content_cleaned.csv:292,002,0.222145
blog_content_cleaned.csv:292,007,0.14294
blog_content_cleaned.csv:327,006,0.583169
blog_content_cleaned.csv:327,000,0.259126
blog_content_cleaned.csv:327,001,0.157705
blog_content_cleaned.csv:362,001,0.76183
blog_content_cleaned.csv:362,005,0.173309
blog_content_cleaned.csv:362,002,0.064861
blog_content_cleaned.csv:9,000,0.534558
blog_content_cleaned.csv:9,005,0.293637
blog_content_cleaned.csv:9,004,0.171805
blog_content_cleaned.csv:44,002,0.791422
blog_content_cleaned.csv:44,003,0.154697
blog_content_cleaned.csv:44,001,0.053881
blog_content_cleaned.csv:79,001,0.707512
blog_content_cleaned.csv:79,005,0.158994
blog_content_cleaned.csv:79,003,0.133494
blog_content_cleaned.csv:114,006,0.522279
blog_content_cleaned.csv:114,003,0.435395
blog_content_cleaned.csv:114,007,0.042326
blog_content_cleaned.csv:149,000,0.766806
blog_content_cleaned.csv:149,006,0.119244
blog_content_cleaned.csv:149,007,0.070376
blog_content_cleaned.csv:149,002,0.043574
blog_content_cleaned.csv:184,006,0.569705
blog_content_cleaned.csv:184,003,0.411367
blog_content_cleaned.csv:184,005,0.018928
blog_content_cleaned.csv:214,003,0.437278
blog_content_cleaned.csv:214,002,0.298579
blog_content_cleaned.csv:214,004,0.107072
blog_content_cleaned.csv:214,006,0.098047
blog_content_cleaned.csv:214,007,0.059023
blog_content_cleaned.csv:249,004,0.524995
blog_content_cleaned.csv:249,000,0.323134
blog_content_cleaned.csv:249,001,0.151871
blog_content_cleaned.csv:284,000,0.545071
blog_content_cleaned.csv:284,003,0.45493
blog_content_cleaned.csv:319,000,0.44613
blog_content_cleaned.csv:319,001,0.362667
blog_content_cleaned.csv:319,005,0.191203
blog_content_cleaned.csv:354,005,0.763835
blog_content_cleaned.csv:354,006,0.173655
blog_content_cleaned.csv:354,007,0.062511
blog_content_cleaned.csv:389,005,0.72092
blog_content_cleaned.csv:389,007,0.201756
blog_content_cleaned.csv:389,001,0.077324
blog_content_cleaned.csv:7,003,0.526271
blog_content_cleaned.csv:7,002,0.31931
blog_content_cleaned.csv:7,004,0.1429
blog_content_cleaned.csv:7,001,0.011518
blog_content_cleaned.csv:42,000,0.315533
blog_content_cleaned.csv:42,006,0.297719
blog_content_cleaned.csv:42,002,0.259272
blog_content_cleaned.csv:42,003,0.127476
blog_content_cleaned.csv:77,000,0.567821
blog_content_cleaned.csv:77,002,0.432179
blog_content_cleaned.csv:112,000,0.76838
blog_content_cleaned.csv:112,003,0.168958
blog_content_cleaned.csv:112,007,0.062662
blog_content_cleaned.csv:147,002,0.332207
blog_content_cleaned.csv:147,007,0.290158
blog_content_cleaned.csv:147,001,0.184894
blog_content_cleaned.csv:147,006,0.116195
blog_content_cleaned.csv:147,000,0.076547
blog_content_cleaned.csv:182,004,0.370496
blog_content_cleaned.csv:182,000,0.3082
blog_content_cleaned.csv:182,005,0.17101
blog_content_cleaned.csv:182,001,0.150294
blog_content_cleaned.csv:212,002,0.57994
blog_content_cleaned.csv:212,001,0.282061
blog_content_cleaned.csv:212,004,0.137999
blog_content_cleaned.csv:247,007,0.28589
blog_content_cleaned.csv:247,002,0.257802
blog_content_cleaned.csv:247,004,0.232108
blog_content_cleaned.csv:247,001,0.142722
blog_content_cleaned.csv:247,000,0.081478
blog_content_cleaned.csv:282,003,0.585574
blog_content_cleaned.csv:282,001,0.234763
blog_content_cleaned.csv:282,004,0.10604
blog_content_cleaned.csv:282,007,0.073622
blog_content_cleaned.csv:317,006,0.712715
blog_content_cleaned.csv:317,002,0.215826
blog_content_cleaned.csv:317,007,0.07146
blog_content_cleaned.csv:352,007,0.937169
blog_content_cleaned.csv:352,000,0.062831
blog_content_cleaned.csv:387,005,0.912938
blog_content_cleaned.csv:387,003,0.054309
blog_content_cleaned.csv:387,002,0.032753
blog_content_cleaned.csv:26,001,0.4697
blog_content_cleaned.csv:26,004,0.289709
blog_content_cleaned.csv:26,000,0.240591
blog_content_cleaned.csv:61,005,1.0
blog_content_cleaned.csv:96,002,0.422728
blog_content_cleaned.csv:96,005,0.305449
blog_content_cleaned.csv:96,007,0.271823
blog_content_cleaned.csv:131,000,0.442237
blog_content_cleaned.csv:131,004,0.303242
blog_content_cleaned.csv:131,005,0.254521
blog_content_cleaned.csv:166,006,0.393473
blog_content_cleaned.csv:166,003,0.325442
blog_content_cleaned.csv:166,000,0.12567
blog_content_cleaned.csv:166,002,0.120035
blog_content_cleaned.csv:166,004,0.035381
blog_content_cleaned.csv:196,005,0.919521
blog_content_cleaned.csv:196,006,0.080479
blog_content_cleaned.csv:231,005,0.465637
blog_content_cleaned.csv:231,001,0.334257
blog_content_cleaned.csv:231,002,0.109283
blog_content_cleaned.csv:231,000,0.090823
blog_content_cleaned.csv:266,004,0.702305
blog_content_cleaned.csv:266,005,0.234454
blog_content_cleaned.csv:266,000,0.063241
blog_content_cleaned.csv:301,001,0.591231
blog_content_cleaned.csv:301,004,0.40877
blog_content_cleaned.csv:336,006,0.817922
blog_content_cleaned.csv:336,003,0.182078
blog_content_cleaned.csv:371,000,0.487592
blog_content_cleaned.csv:371,001,0.250842
blog_content_cleaned.csv:371,003,0.189977
blog_content_cleaned.csv:371,004,0.071589
blog_content_cleaned.csv:6,005,0.447354
blog_content_cleaned.csv:6,000,0.276605
blog_content_cleaned.csv:6,002,0.276042
blog_content_cleaned.csv:41,002,0.820865
blog_content_cleaned.csv:41,001,0.11367
blog_content_cleaned.csv:41,004,0.065465
blog_content_cleaned.csv:76,001,0.730498
blog_content_cleaned.csv:76,003,0.269502
blog_content_cleaned.csv:111,003,0.464129
blog_content_cleaned.csv:111,000,0.351192
blog_content_cleaned.csv:111,001,0.105109
blog_content_cleaned.csv:111,004,0.07957
blog_content_cleaned.csv:146,004,0.772812
blog_content_cleaned.csv:146,000,0.221248
blog_content_cleaned.csv:146,005,0.00594
blog_content_cleaned.csv:181,003,0.663272
blog_content_cleaned.csv:181,007,0.16635
blog_content_cleaned.csv:181,004,0.124179
blog_content_cleaned.csv:181,001,0.046199
blog_content_cleaned.csv:211,002,0.528015
blog_content_cleaned.csv:211,001,0.277521
blog_content_cleaned.csv:211,003,0.194464
blog_content_cleaned.csv:246,004,0.957703
blog_content_cleaned.csv:246,006,0.042297
blog_content_cleaned.csv:281,003,0.831492
blog_content_cleaned.csv:281,004,0.145358
blog_content_cleaned.csv:281,005,0.02315
blog_content_cleaned.csv:316,007,0.824689
blog_content_cleaned.csv:316,000,0.175311
blog_content_cleaned.csv:351,001,0.658494
blog_content_cleaned.csv:351,005,0.341506
blog_content_cleaned.csv:386,000,0.477657
blog_content_cleaned.csv:386,007,0.344313
blog_content_cleaned.csv:386,005,0.17803
blog_content_cleaned.csv:12,003,0.275689
blog_content_cleaned.csv:12,006,0.265491
blog_content_cleaned.csv:12,005,0.145099
blog_content_cleaned.csv:12,004,0.116376
blog_content_cleaned.csv:12,000,0.110978
blog_content_cleaned.csv:12,007,0.086368
blog_content_cleaned.csv:47,000,0.382355
blog_content_cleaned.csv:47,001,0.269724
blog_content_cleaned.csv:47,003,0.215695
blog_content_cleaned.csv:47,002,0.132225
blog_content_cleaned.csv:82,002,0.789408
blog_content_cleaned.csv:82,001,0.210592
blog_content_cleaned.csv:117,000,0.726187
blog_content_cleaned.csv:117,004,0.273814
blog_content_cleaned.csv:152,001,0.894145
blog_content_cleaned.csv:152,003,0.063595
blog_content_cleaned.csv:152,005,0.04226
blog_content_cleaned.csv:187,004,0.877031
blog_content_cleaned.csv:187,000,0.070481
blog_content_cleaned.csv:187,002,0.052488
blog_content_cleaned.csv:217,004,0.707865
blog_content_cleaned.csv:217,002,0.162972
blog_content_cleaned.csv:217,006,0.085565
blog_content_cleaned.csv:217,000,0.043598
blog_content_cleaned.csv:252,001,0.515828
blog_content_cleaned.csv:252,007,0.253048
blog_content_cleaned.csv:252,006,0.231124
blog_content_cleaned.csv:287,004,0.529537
blog_content_cleaned.csv:287,001,0.35406
blog_content_cleaned.csv:287,003,0.116404
blog_content_cleaned.csv:322,005,0.549162
blog_content_cleaned.csv:322,002,0.450838
blog_content_cleaned.csv:357,000,0.871668
blog_content_cleaned.csv:357,003,0.128332
blog_content_cleaned.csv:3,007,0.828819
blog_content_cleaned.csv:3,002,0.171181
blog_content_cleaned.csv:38,003,0.431819
blog_content_cleaned.csv:38,004,0.400854
blog_content_cleaned.csv:38,001,0.167327
blog_content_cleaned.csv:73,001,0.487694
blog_content_cleaned.csv:73,005,0.476592
blog_content_cleaned.csv:73,000,0.035715
blog_content_cleaned.csv:108,000,0.760898
blog_content_cleaned.csv:108,004,0.130297
blog_content_cleaned.csv:108,005,0.108806
blog_content_cleaned.csv:143,000,0.537985
blog_content_cleaned.csv:143,001,0.305622
blog_content_cleaned.csv:143,005,0.156393
blog_content_cleaned.csv:178,001,0.397534
blog_content_cleaned.csv:178,005,0.330148
blog_content_cleaned.csv:178,000,0.127598
blog_content_cleaned.csv:178,003,0.07341
blog_content_cleaned.csv:178,004,0.07131
blog_content_cleaned.csv:208,003,0.762808
blog_content_cleaned.csv:208,000,0.223094
blog_content_cleaned.csv:208,001,0.014099
blog_content_cleaned.csv:243,001,0.587528
blog_content_cleaned.csv:243,002,0.412472
blog_content_cleaned.csv:278,003,0.988268
blog_content_cleaned.csv:278,001,0.011732
blog_content_cleaned.csv:313,001,0.986204
blog_content_cleaned.csv:313,003,0.013796
blog_content_cleaned.csv:348,001,0.762781
blog_content_cleaned.csv:348,006,0.128646
blog_content_cleaned.csv:348,007,0.108574
blog_content_cleaned.csv:383,000,0.648696
blog_content_cleaned.csv:383,001,0.202807
blog_content_cleaned.csv:383,005,0.148498
blog_content_cleaned.csv:30,003,0.866887
blog_content_cleaned.csv:30,002,0.076012
blog_content_cleaned.csv:30,001,0.057101
blog_content_cleaned.csv:65,002,0.488371
blog_content_cleaned.csv:65,003,0.253831
blog_content_cleaned.csv:65,005,0.239951
blog_content_cleaned.csv:65,001,0.017847
blog_content_cleaned.csv:100,005,0.59467
blog_content_cleaned.csv:100,003,0.257976
blog_content_cleaned.csv:100,002,0.147354
blog_content_cleaned.csv:135,007,0.618382
blog_content_cleaned.csv:135,003,0.326025
blog_content_cleaned.csv:135,005,0.055592
blog_content_cleaned.csv:170,003,0.725108
blog_content_cleaned.csv:170,000,0.213318
blog_content_cleaned.csv:170,004,0.061574
blog_content_cleaned.csv:200,003,0.7231
blog_content_cleaned.csv:200,007,0.202032
blog_content_cleaned.csv:200,006,0.074867
blog_content_cleaned.csv:235,000,0.768436
blog_content_cleaned.csv:235,006,0.11702
blog_content_cleaned.csv:235,003,0.114545
blog_content_cleaned.csv:270,002,0.903608
blog_content_cleaned.csv:270,001,0.079468
blog_content_cleaned.csv:270,000,0.016924
blog_content_cleaned.csv:305,007,0.904153
blog_content_cleaned.csv:305,000,0.061215
blog_content_cleaned.csv:305,001,0.034632
blog_content_cleaned.csv:340,007,0.392897
blog_content_cleaned.csv:340,001,0.377524
blog_content_cleaned.csv:340,003,0.229579
blog_content_cleaned.csv:375,002,0.665762
blog_content_cleaned.csv:375,001,0.334238
blog_content_cleaned.csv:32,001,0.631526
blog_content_cleaned.csv:32,005,0.363019
blog_content_cleaned.csv:32,002,0.005455
blog_content_cleaned.csv:67,002,0.425736
blog_content_cleaned.csv:67,003,0.341237
blog_content_cleaned.csv:67,005,0.176244
blog_content_cleaned.csv:67,000,0.056783
blog_content_cleaned.csv:102,001,0.466192
blog_content_cleaned.csv:102,004,0.41595
blog_content_cleaned.csv:102,007,0.117858
blog_content_cleaned.csv:137,002,0.669348
blog_content_cleaned.csv:137,005,0.318539
blog_content_cleaned.csv:137,003,0.010011
blog_content_cleaned.csv:137,004,0.002103
blog_content_cleaned.csv:172,003,0.779124
blog_content_cleaned.csv:172,006,0.220876
blog_content_cleaned.csv:202,004,0.341875
blog_content_cleaned.csv:202,001,0.26832
blog_content_cleaned.csv:202,005,0.203374
blog_content_cleaned.csv:202,006,0.186431
blog_content_cleaned.csv:237,003,0.594776
blog_content_cleaned.csv:237,002,0.299045
blog_content_cleaned.csv:237,001,0.106178
blog_content_cleaned.csv:272,005,0.697146
blog_content_cleaned.csv:272,001,0.188395
blog_content_cleaned.csv:272,002,0.114459
blog_content_cleaned.csv:307,001,0.772076
blog_content_cleaned.csv:307,004,0.187696
blog_content_cleaned.csv:307,003,0.040228
blog_content_cleaned.csv:342,003,0.5247
blog_content_cleaned.csv:342,000,0.422066
blog_content_cleaned.csv:342,001,0.053234
blog_content_cleaned.csv:377,006,0.51645
blog_content_cleaned.csv:377,005,0.326118
blog_content_cleaned.csv:377,000,0.157431
blog_content_cleaned.csv:20,003,0.567642
blog_content_cleaned.csv:20,001,0.246467
blog_content_cleaned.csv:20,007,0.070586
blog_content_cleaned.csv:20,000,0.059351
blog_content_cleaned.csv:20,002,0.055954
blog_content_cleaned.csv:55,003,0.591312
blog_content_cleaned.csv:55,001,0.366254
blog_content_cleaned.csv:55,000,0.042434
blog_content_cleaned.csv:90,006,0.518073
blog_content_cleaned.csv:90,004,0.430453
blog_content_cleaned.csv:90,002,0.051474
blog_content_cleaned.csv:125,006,0.623689
blog_content_cleaned.csv:125,004,0.111485
blog_content_cleaned.csv:125,007,0.108796
blog_content_cleaned.csv:125,000,0.103677
blog_content_cleaned.csv:125,003,0.052352
blog_content_cleaned.csv:160,002,0.557952
blog_content_cleaned.csv:160,000,0.411856
blog_content_cleaned.csv:160,004,0.030192
blog_content_cleaned.csv:190,004,0.484334
blog_content_cleaned.csv:190,003,0.30651
blog_content_cleaned.csv:190,001,0.10812
blog_content_cleaned.csv:190,000,0.101036
blog_content_cleaned.csv:225,001,0.508954
blog_content_cleaned.csv:225,002,0.458892
blog_content_cleaned.csv:225,003,0.032153
blog_content_cleaned.csv:260,004,0.456036
blog_content_cleaned.csv:260,002,0.440177
blog_content_cleaned.csv:260,006,0.103787
blog_content_cleaned.csv:295,005,0.499161
blog_content_cleaned.csv:295,000,0.367716
blog_content_cleaned.csv:295,004,0.133123
blog_content_cleaned.csv:330,001,0.636919
blog_content_cleaned.csv:330,005,0.257628
blog_content_cleaned.csv:330,004,0.100748
blog_content_cleaned.csv:330,000,0.004705
blog_content_cleaned.csv:365,005,0.777185
blog_content_cleaned.csv:365,002,0.16142
blog_content_cleaned.csv:365,000,0.061395
blog_content_cleaned.csv:28,000,0.640254
blog_content_cleaned.csv:28,003,0.296453
blog_content_cleaned.csv:28,004,0.063293
blog_content_cleaned.csv:63,005,0.430782
blog_content_cleaned.csv:63,001,0.36151
blog_content_cleaned.csv:63,007,0.16018
blog_content_cleaned.csv:63,004,0.047528
blog_content_cleaned.csv:98,001,0.396075
blog_content_cleaned.csv:98,004,0.315666
blog_content_cleaned.csv:98,002,0.288259
blog_content_cleaned.csv:133,002,0.536431
blog_content_cleaned.csv:133,005,0.392587
blog_content_cleaned.csv:133,001,0.070982
blog_content_cleaned.csv:168,000,0.609026
blog_content_cleaned.csv:168,004,0.195715
blog_content_cleaned.csv:168,003,0.138762
blog_content_cleaned.csv:168,001,0.056497
blog_content_cleaned.csv:198,000,0.346615
blog_content_cleaned.csv:198,006,0.287753
blog_content_cleaned.csv:198,002,0.250317
blog_content_cleaned.csv:198,001,0.115315
blog_content_cleaned.csv:233,002,0.453608
blog_content_cleaned.csv:233,004,0.438432
blog_content_cleaned.csv:233,006,0.10796
blog_content_cleaned.csv:268,000,0.489955
blog_content_cleaned.csv:268,003,0.290665
blog_content_cleaned.csv:268,007,0.21938
blog_content_cleaned.csv:303,000,0.788949
blog_content_cleaned.csv:303,007,0.211051
blog_content_cleaned.csv:338,003,0.623907
blog_content_cleaned.csv:338,005,0.256953
blog_content_cleaned.csv:338,001,0.10161
blog_content_cleaned.csv:338,000,0.01753
blog_content_cleaned.csv:373,006,0.542514
blog_content_cleaned.csv:373,004,0.323748
blog_content_cleaned.csv:373,005,0.133738
blog_content_cleaned.csv:0,004,0.61296
blog_content_cleaned.csv:0,000,0.334377
blog_content_cleaned.csv:0,001,0.052663
blog_content_cleaned.csv:35,004,0.898296
blog_content_cleaned.csv:35,005,0.060092
blog_content_cleaned.csv:35,003,0.041612
blog_content_cleaned.csv:70,007,0.345902
blog_content_cleaned.csv:70,000,0.224672
blog_content_cleaned.csv:70,001,0.159741
blog_content_cleaned.csv:70,005,0.140278
blog_content_cleaned.csv:70,003,0.129408
blog_content_cleaned.csv:105,000,0.704835
blog_content_cleaned.csv:105,004,0.184521
blog_content_cleaned.csv:105,007,0.110644
blog_content_cleaned.csv:140,007,0.460394
blog_content_cleaned.csv:140,006,0.447469
blog_content_cleaned.csv:140,004,0.092137
blog_content_cleaned.csv:175,006,0.701284
blog_content_cleaned.csv:175,004,0.249715
blog_content_cleaned.csv:175,000,0.049001
blog_content_cleaned.csv:205,002,0.419628
blog_content_cleaned.csv:205,006,0.361889
blog_content_cleaned.csv:205,000,0.218483
blog_content_cleaned.csv:240,002,0.583919
blog_content_cleaned.csv:240,006,0.338732
blog_content_cleaned.csv:240,004,0.07735
blog_content_cleaned.csv:275,000,0.587532
blog_content_cleaned.csv:275,001,0.320936
blog_content_cleaned.csv:275,003,0.053823
blog_content_cleaned.csv:275,004,0.037709
blog_content_cleaned.csv:310,001,0.833812
blog_content_cleaned.csv:310,007,0.089682
blog_content_cleaned.csv:310,004,0.045573
blog_content_cleaned.csv:310,003,0.030932
blog_content_cleaned.csv:345,001,0.616365
blog_content_cleaned.csv:345,005,0.383635
blog_content_cleaned.csv:380,006,0.68823
blog_content_cleaned.csv:380,001,0.181625
blog_content_cleaned.csv:380,005,0.130145
blog_content_cleaned.csv:1,005,1.0
blog_content_cleaned.csv:36,000,0.426422
blog_content_cleaned.csv:36,001,0.361149
blog_content_cleaned.csv:36,006,0.212428
blog_content_cleaned.csv:71,000,0.493018
blog_content_cleaned.csv:71,005,0.419038
blog_content_cleaned.csv:71,002,0.087944
blog_content_cleaned.csv:106,003,0.427824
blog_content_cleaned.csv:106,007,0.327586
blog_content_cleaned.csv:106,004,0.12774
blog_content_cleaned.csv:106,005,0.11685
blog_content_cleaned.csv:141,001,0.690933
blog_content_cleaned.csv:141,003,0.210844
blog_content_cleaned.csv:141,004,0.098223
blog_content_cleaned.csv:176,001,0.675705
blog_content_cleaned.csv:176,000,0.210858
blog_content_cleaned.csv:176,003,0.113436
blog_content_cleaned.csv:206,007,0.631899
blog_content_cleaned.csv:206,004,0.368101
blog_content_cleaned.csv:241,005,0.569073
blog_content_cleaned.csv:241,004,0.255087
blog_content_cleaned.csv:241,002,0.158682
blog_content_cleaned.csv:241,000,0.017159
blog_content_cleaned.csv:276,005,0.610326
blog_content_cleaned.csv:276,003,0.266844
blog_content_cleaned.csv:276,002,0.075839
blog_content_cleaned.csv:276,000,0.046991
blog_content_cleaned.csv:311,002,1.0
blog_content_cleaned.csv:346,001,0.787074
blog_content_cleaned.csv:346,004,0.212926
blog_content_cleaned.csv:381,002,0.601025
blog_content_cleaned.csv:381,001,0.398975
blog_content_cleaned.csv:14,005,0.782388
blog_content_cleaned.csv:14,003,0.213978
blog_content_cleaned.csv:14,000,0.003635
blog_content_cleaned.csv:49,001,0.959286
blog_content_cleaned.csv:49,005,0.040714
blog_content_cleaned.csv:84,007,0.837721
blog_content_cleaned.csv:84,000,0.162279
blog_content_cleaned.csv:119,005,0.511068
blog_content_cleaned.csv:119,004,0.218426
blog_content_cleaned.csv:119,002,0.172223
blog_content_cleaned.csv:119,001,0.098282
blog_content_cleaned.csv:154,007,0.851112
blog_content_cleaned.csv:154,004,0.107438
blog_content_cleaned.csv:154,006,0.041451
blog_content_cleaned.csv:189,005,0.650924
blog_content_cleaned.csv:189,003,0.349076
blog_content_cleaned.csv:219,001,0.531042
blog_content_cleaned.csv:219,003,0.381689
blog_content_cleaned.csv:219,005,0.087269
blog_content_cleaned.csv:254,006,0.700021
blog_content_cleaned.csv:254,000,0.229325
blog_content_cleaned.csv:254,001,0.070655
blog_content_cleaned.csv:289,003,0.886427
blog_content_cleaned.csv:289,004,0.041225
blog_content_cleaned.csv:289,000,0.038918
blog_content_cleaned.csv:289,001,0.033431
blog_content_cleaned.csv:324,001,0.794511
blog_content_cleaned.csv:324,005,0.13457
blog_content_cleaned.csv:324,007,0.040169
blog_content_cleaned.csv:324,002,0.03075
blog_content_cleaned.csv:359,001,0.82021
blog_content_cleaned.csv:359,004,0.111427
blog_content_cleaned.csv:359,000,0.068363
blog_content_cleaned.csv:13,002,0.889793
blog_content_cleaned.csv:13,005,0.110207
blog_content_cleaned.csv:48,004,0.643808
blog_content_cleaned.csv:48,000,0.356192
blog_content_cleaned.csv:83,000,0.503329
blog_content_cleaned.csv:83,002,0.326825
blog_content_cleaned.csv:83,005,0.169846
blog_content_cleaned.csv:118,006,0.838433
blog_content_cleaned.csv:118,004,0.074176
blog_content_cleaned.csv:118,003,0.045365
blog_content_cleaned.csv:118,002,0.042026
blog_content_cleaned.csv:153,002,0.454929
blog_content_cleaned.csv:153,000,0.282274
blog_content_cleaned.csv:153,007,0.205633
blog_content_cleaned.csv:153,001,0.057164
blog_content_cleaned.csv:188,003,0.939554
blog_content_cleaned.csv:188,000,0.060446
blog_content_cleaned.csv:218,002,0.744397
blog_content_cleaned.csv:218,003,0.255603
blog_content_cleaned.csv:253,001,0.502734
blog_content_cleaned.csv:253,004,0.276083
blog_content_cleaned.csv:253,003,0.221183
blog_content_cleaned.csv:288,002,0.59608
blog_content_cleaned.csv:288,006,0.40392
blog_content_cleaned.csv:323,001,0.757072
blog_content_cleaned.csv:323,002,0.151644
blog_content_cleaned.csv:323,004,0.091284
blog_content_cleaned.csv:358,007,0.91532
blog_content_cleaned.csv:358,000,0.08468
blog_content_cleaned.csv:18,000,0.853048
blog_content_cleaned.csv:18,001,0.146952
blog_content_cleaned.csv:53,000,0.510617
blog_content_cleaned.csv:53,003,0.402809
blog_content_cleaned.csv:53,005,0.081296
blog_content_cleaned.csv:53,001,0.005278
blog_content_cleaned.csv:88,002,0.765102
blog_content_cleaned.csv:88,007,0.135331
blog_content_cleaned.csv:88,004,0.07355
blog_content_cleaned.csv:88,001,0.026018
blog_content_cleaned.csv:123,003,0.819596
blog_content_cleaned.csv:123,001,0.118317
blog_content_cleaned.csv:123,005,0.051803
blog_content_cleaned.csv:123,000,0.010284
blog_content_cleaned.csv:158,002,0.535213
blog_content_cleaned.csv:158,005,0.464787
blog_content_cleaned.csv:223,000,0.389648
blog_content_cleaned.csv:223,004,0.27664
blog_content_cleaned.csv:223,005,0.257247
blog_content_cleaned.csv:223,003,0.076465
blog_content_cleaned.csv:258,002,0.662915
blog_content_cleaned.csv:258,006,0.337086
blog_content_cleaned.csv:293,001,0.556313
blog_content_cleaned.csv:293,004,0.391899
blog_content_cleaned.csv:293,007,0.051788
blog_content_cleaned.csv:328,001,0.875598
blog_content_cleaned.csv:328,003,0.124402
blog_content_cleaned.csv:363,006,0.608726
blog_content_cleaned.csv:363,002,0.165612
blog_content_cleaned.csv:363,001,0.136507
blog_content_cleaned.csv:363,000,0.089154
blog_content_cleaned.csv:31,005,0.626195
blog_content_cleaned.csv:31,002,0.318257
blog_content_cleaned.csv:31,004,0.055548
blog_content_cleaned.csv:66,005,0.927078
blog_content_cleaned.csv:66,002,0.072922
blog_content_cleaned.csv:101,001,0.874218
blog_content_cleaned.csv:101,005,0.084381
blog_content_cleaned.csv:101,000,0.041402
blog_content_cleaned.csv:136,000,0.718488
blog_content_cleaned.csv:136,003,0.15071
blog_content_cleaned.csv:136,001,0.130802
blog_content_cleaned.csv:171,003,0.362273
blog_content_cleaned.csv:171,006,0.292131
blog_content_cleaned.csv:171,007,0.234333
blog_content_cleaned.csv:171,001,0.111263
blog_content_cleaned.csv:201,004,0.58169
blog_content_cleaned.csv:201,006,0.319785
blog_content_cleaned.csv:201,000,0.098525
blog_content_cleaned.csv:236,004,0.414042
blog_content_cleaned.csv:236,007,0.354798
blog_content_cleaned.csv:236,001,0.153226
blog_content_cleaned.csv:236,002,0.077935
blog_content_cleaned.csv:271,003,0.496202
blog_content_cleaned.csv:271,000,0.449608
blog_content_cleaned.csv:271,004,0.05419
blog_content_cleaned.csv:306,007,0.951846
blog_content_cleaned.csv:306,003,0.048154
blog_content_cleaned.csv:341,006,0.972433
blog_content_cleaned.csv:341,003,0.027567
blog_content_cleaned.csv:376,001,0.589669
blog_content_cleaned.csv:376,002,0.36014
blog_content_cleaned.csv:376,007,0.050191
blog_content_cleaned.csv:8,001,0.935759
blog_content_cleaned.csv:8,007,0.064241
blog_content_cleaned.csv:43,001,0.530362
blog_content_cleaned.csv:43,005,0.418616
blog_content_cleaned.csv:43,002,0.051022
blog_content_cleaned.csv:78,007,0.625411
blog_content_cleaned.csv:78,006,0.326331
blog_content_cleaned.csv:78,004,0.042873
blog_content_cleaned.csv:78,001,0.005385
blog_content_cleaned.csv:113,003,0.559038
blog_content_cleaned.csv:113,000,0.440962
blog_content_cleaned.csv:148,003,0.642764
blog_content_cleaned.csv:148,001,0.296802
blog_content_cleaned.csv:148,000,0.060434
blog_content_cleaned.csv:183,000,0.377971
blog_content_cleaned.csv:183,004,0.34261
blog_content_cleaned.csv:183,006,0.155672
blog_content_cleaned.csv:183,001,0.123747
blog_content_cleaned.csv:213,006,0.549402
blog_content_cleaned.csv:213,004,0.215084
blog_content_cleaned.csv:213,007,0.176649
blog_content_cleaned.csv:213,003,0.058865
blog_content_cleaned.csv:248,000,0.567406
blog_content_cleaned.csv:248,002,0.263832
blog_content_cleaned.csv:248,007,0.168762
blog_content_cleaned.csv:283,000,0.906358
blog_content_cleaned.csv:283,005,0.093642
blog_content_cleaned.csv:318,002,0.613308
blog_content_cleaned.csv:318,000,0.17856
blog_content_cleaned.csv:318,003,0.150357
blog_content_cleaned.csv:318,001,0.057775
blog_content_cleaned.csv:353,000,0.742611
blog_content_cleaned.csv:353,007,0.1686
blog_content_cleaned.csv:353,001,0.088788
blog_content_cleaned.csv:388,004,0.754854
blog_content_cleaned.csv:388,002,0.133585
blog_content_cleaned.csv:388,003,0.111562
blog_content_cleaned.csv:2,000,0.597406
blog_content_cleaned.csv:2,003,0.220829
blog_content_cleaned.csv:2,001,0.181765
blog_content_cleaned.csv:37,000,0.996486
blog_content_cleaned.csv:37,004,0.003514
blog_content_cleaned.csv:72,002,0.750905
blog_content_cleaned.csv:72,001,0.174566
blog_content_cleaned.csv:72,004,0.074529
blog_content_cleaned.csv:107,004,0.526697
blog_content_cleaned.csv:107,001,0.235186
blog_content_cleaned.csv:107,003,0.156347
blog_content_cleaned.csv:107,006,0.08177
blog_content_cleaned.csv:142,001,0.423288
blog_content_cleaned.csv:142,005,0.414101
blog_content_cleaned.csv:142,002,0.162611
blog_content_cleaned.csv:177,001,0.691872
blog_content_cleaned.csv:177,006,0.308128
blog_content_cleaned.csv:207,002,0.547499
blog_content_cleaned.csv:207,001,0.447189
blog_content_cleaned.csv:207,005,0.005312
blog_content_cleaned.csv:242,006,0.912668
blog_content_cleaned.csv:242,001,0.087332
blog_content_cleaned.csv:277,002,0.38998
blog_content_cleaned.csv:277,000,0.277162
blog_content_cleaned.csv:277,001,0.257026
blog_content_cleaned.csv:277,003,0.075833
blog_content_cleaned.csv:312,006,0.952124
blog_content_cleaned.csv:312,003,0.047876
blog_content_cleaned.csv:347,006,0.976395
blog_content_cleaned.csv:347,007,0.023605
blog_content_cleaned.csv:382,002,0.577591
blog_content_cleaned.csv:382,001,0.422409
blog_content_cleaned.csv:22,001,0.88961
blog_content_cleaned.csv:22,004,0.11039
blog_content_cleaned.csv:57,003,0.668631
blog_content_cleaned.csv:57,000,0.331369
blog_content_cleaned.csv:92,002,0.875975
blog_content_cleaned.csv:92,005,0.092571
blog_content_cleaned.csv:92,004,0.031454
blog_content_cleaned.csv:127,007,0.854777
blog_content_cleaned.csv:127,004,0.099715
blog_content_cleaned.csv:127,003,0.045508
blog_content_cleaned.csv:162,002,0.756887
blog_content_cleaned.csv:162,007,0.243113
blog_content_cleaned.csv:192,000,0.72143
blog_content_cleaned.csv:192,001,0.194971
blog_content_cleaned.csv:192,007,0.083599
blog_content_cleaned.csv:227,006,0.959927
blog_content_cleaned.csv:227,003,0.040073
blog_content_cleaned.csv:262,000,0.500183
blog_content_cleaned.csv:262,001,0.225105
blog_content_cleaned.csv:262,004,0.154663
blog_content_cleaned.csv:262,003,0.120049
blog_content_cleaned.csv:297,001,0.864009
blog_content_cleaned.csv:297,003,0.135991
blog_content_cleaned.csv:332,001,0.978848
blog_content_cleaned.csv:332,000,0.021152
blog_content_cleaned.csv:367,001,0.455321
blog_content_cleaned.csv:367,004,0.240178
blog_content_cleaned.csv:367,007,0.180417
blog_content_cleaned.csv:367,002,0.124083
blog_content_cleaned.csv:16,002,0.337216
blog_content_cleaned.csv:16,005,0.337121
blog_content_cleaned.csv:16,000,0.325663
blog_content_cleaned.csv:51,003,0.873839
blog_content_cleaned.csv:51,005,0.070155
blog_content_cleaned.csv:51,007,0.056006
blog_content_cleaned.csv:86,001,0.901674
blog_content_cleaned.csv:86,002,0.098326
blog_content_cleaned.csv:121,007,0.765393
blog_content_cleaned.csv:121,004,0.223361
blog_content_cleaned.csv:121,003,0.011247
blog_content_cleaned.csv:156,004,0.896716
blog_content_cleaned.csv:156,005,0.103284
blog_content_cleaned.csv:221,003,0.498645
blog_content_cleaned.csv:221,001,0.244647
blog_content_cleaned.csv:221,005,0.158124
blog_content_cleaned.csv:221,004,0.098584
blog_content_cleaned.csv:256,002,0.680254
blog_content_cleaned.csv:256,005,0.319746
blog_content_cleaned.csv:291,004,0.374145
blog_content_cleaned.csv:291,001,0.295518
blog_content_cleaned.csv:291,006,0.176573
blog_content_cleaned.csv:291,007,0.153765
blog_content_cleaned.csv:326,004,0.878244
blog_content_cleaned.csv:326,002,0.121756
blog_content_cleaned.csv:361,006,0.801222
blog_content_cleaned.csv:361,003,0.143857
blog_content_cleaned.csv:361,001,0.054921
blog_content_cleaned.csv:25,003,0.79251
blog_content_cleaned.csv:25,000,0.099934
blog_content_cleaned.csv:25,004,0.06058
blog_content_cleaned.csv:25,006,0.046976
blog_content_cleaned.csv:60,001,0.93176
blog_content_cleaned.csv:60,002,0.06824
blog_content_cleaned.csv:95,002,0.407344
blog_content_cleaned.csv:95,004,0.351889
blog_content_cleaned.csv:95,003,0.240768
blog_content_cleaned.csv:130,001,0.432979
blog_content_cleaned.csv:130,005,0.262873
blog_content_cleaned.csv:130,002,0.233798
blog_content_cleaned.csv:130,004,0.070351
blog_content_cleaned.csv:165,005,0.614104
blog_content_cleaned.csv:165,002,0.368919
blog_content_cleaned.csv:165,007,0.016978
blog_content_cleaned.csv:195,006,0.39406
blog_content_cleaned.csv:195,002,0.255761
blog_content_cleaned.csv:195,007,0.239901
blog_content_cleaned.csv:195,001,0.063646
blog_content_cleaned.csv:195,004,0.046632
blog_content_cleaned.csv:230,000,0.738539
blog_content_cleaned.csv:230,004,0.219308
blog_content_cleaned.csv:230,003,0.042153
blog_content_cleaned.csv:265,004,0.414083
blog_content_cleaned.csv:265,002,0.324215
blog_content_cleaned.csv:265,000,0.112827
blog_content_cleaned.csv:265,001,0.082506
blog_content_cleaned.csv:265,003,0.066369
blog_content_cleaned.csv:300,006,0.853399
blog_content_cleaned.csv:300,004,0.134916
blog_content_cleaned.csv:300,003,0.011685
blog_content_cleaned.csv:335,007,0.785371
blog_content_cleaned.csv:335,004,0.214629
blog_content_cleaned.csv:370,003,0.995623
blog_content_cleaned.csv:370,000,0.004377
blog_content_cleaned.csv:23,004,0.649412
blog_content_cleaned.csv:23,007,0.313537
blog_content_cleaned.csv:23,001,0.037051
blog_content_cleaned.csv:58,004,0.443823
blog_content_cleaned.csv:58,000,0.316095
blog_content_cleaned.csv:58,003,0.12766
blog_content_cleaned.csv:58,002,0.112423
blog_content_cleaned.csv:93,004,0.876064
blog_content_cleaned.csv:93,002,0.106241
blog_content_cleaned.csv:93,005,0.017695
blog_content_cleaned.csv:128,000,0.361938
blog_content_cleaned.csv:128,001,0.262136
blog_content_cleaned.csv:128,007,0.248926
blog_content_cleaned.csv:128,004,0.127
blog_content_cleaned.csv:163,003,0.968785
blog_content_cleaned.csv:163,001,0.031215
blog_content_cleaned.csv:193,001,0.560849
blog_content_cleaned.csv:193,003,0.439151
blog_content_cleaned.csv:228,004,0.981251
blog_content_cleaned.csv:228,005,0.018749
blog_content_cleaned.csv:263,006,0.710699
blog_content_cleaned.csv:263,007,0.289301
blog_content_cleaned.csv:298,001,0.735915
blog_content_cleaned.csv:298,005,0.203973
blog_content_cleaned.csv:298,000,0.060112
blog_content_cleaned.csv:333,001,0.721614
blog_content_cleaned.csv:333,002,0.278386
blog_content_cleaned.csv:368,004,0.567804
blog_content_cleaned.csv:368,002,0.216072
blog_content_cleaned.csv:368,000,0.128202
blog_content_cleaned.csv:368,003,0.087922
blog_content_cleaned.csv:19,002,0.529334
blog_content_cleaned.csv:19,000,0.215543
blog_content_cleaned.csv:19,003,0.155342
blog_content_cleaned.csv:19,005,0.099781
blog_content_cleaned.csv:54,002,0.844732
blog_content_cleaned.csv:54,005,0.10345
blog_content_cleaned.csv:54,003,0.048613
blog_content_cleaned.csv:54,001,0.003206
blog_content_cleaned.csv:89,001,0.856178
blog_content_cleaned.csv:89,004,0.081472
blog_content_cleaned.csv:89,007,0.062351
blog_content_cleaned.csv:124,006,0.873856
blog_content_cleaned.csv:124,004,0.088091
blog_content_cleaned.csv:124,000,0.038053
blog_content_cleaned.csv:159,000,0.625246
blog_content_cleaned.csv:159,004,0.249538
blog_content_cleaned.csv:159,003,0.125215
blog_content_cleaned.csv:224,002,0.539732
blog_content_cleaned.csv:224,001,0.457732
blog_content_cleaned.csv:224,005,0.002537
blog_content_cleaned.csv:259,006,0.609683
blog_content_cleaned.csv:259,004,0.294735
blog_content_cleaned.csv:259,003,0.095582
blog_content_cleaned.csv:294,005,0.591332
blog_content_cleaned.csv:294,000,0.352548
blog_content_cleaned.csv:294,004,0.05612
blog_content_cleaned.csv:329,004,0.506425
blog_content_cleaned.csv:329,002,0.431748
blog_content_cleaned.csv:329,001,0.061827
blog_content_cleaned.csv:364,001,0.679137
blog_content_cleaned.csv:364,003,0.27474
blog_content_cleaned.csv:364,004,0.046123
blog_content_cleaned.csv:34,000,0.384805
blog_content_cleaned.csv:34,005,0.303343
blog_content_cleaned.csv:34,002,0.185832
blog_content_cleaned.csv:34,003,0.114839
blog_content_cleaned.csv:34,004,0.011181
blog_content_cleaned.csv:69,002,0.982952
blog_content_cleaned.csv:69,003,0.013967
blog_content_cleaned.csv:69,001,0.00308
blog_content_cleaned.csv:104,006,0.777349
blog_content_cleaned.csv:104,003,0.182639
blog_content_cleaned.csv:104,001,0.040013
blog_content_cleaned.csv:139,003,0.546041
blog_content_cleaned.csv:139,007,0.352283
blog_content_cleaned.csv:139,004,0.101676
blog_content_cleaned.csv:174,000,0.949669
blog_content_cleaned.csv:174,001,0.050331
blog_content_cleaned.csv:204,004,0.439942
blog_content_cleaned.csv:204,005,0.328598
blog_content_cleaned.csv:204,001,0.114248
blog_content_cleaned.csv:204,000,0.060796
blog_content_cleaned.csv:204,007,0.056417
blog_content_cleaned.csv:239,002,1.0
blog_content_cleaned.csv:274,000,0.433442
blog_content_cleaned.csv:274,005,0.372857
blog_content_cleaned.csv:274,003,0.114599
blog_content_cleaned.csv:274,001,0.079102
blog_content_cleaned.csv:309,007,0.55324
blog_content_cleaned.csv:309,006,0.199077
blog_content_cleaned.csv:309,005,0.104353
blog_content_cleaned.csv:309,003,0.09049
blog_content_cleaned.csv:309,004,0.05284
blog_content_cleaned.csv:344,006,0.823424
blog_content_cleaned.csv:344,001,0.176576
blog_content_cleaned.csv:379,001,0.576076
blog_content_cleaned.csv:379,005,0.423924
blog_content_cleaned.csv:10,003,0.560999
blog_content_cleaned.csv:10,000,0.150222
blog_content_cleaned.csv:10,001,0.12186
blog_content_cleaned.csv:10,002,0.113121
blog_content_cleaned.csv:10,004,0.053798
blog_content_cleaned.csv:45,000,0.499274
blog_content_cleaned.csv:45,005,0.3953
blog_content_cleaned.csv:45,001,0.05718
blog_content_cleaned.csv:45,003,0.048245
blog_content_cleaned.csv:80,001,0.528862
blog_content_cleaned.csv:80,002,0.290692
blog_content_cleaned.csv:80,000,0.14391
blog_content_cleaned.csv:80,003,0.036536
blog_content_cleaned.csv:115,001,0.547077
blog_content_cleaned.csv:115,005,0.452923
blog_content_cleaned.csv:150,003,0.425262
blog_content_cleaned.csv:150,001,0.319507
blog_content_cleaned.csv:150,005,0.244413
blog_content_cleaned.csv:150,002,0.010818
blog_content_cleaned.csv:185,000,0.90318
blog_content_cleaned.csv:185,004,0.09682
blog_content_cleaned.csv:215,000,1.0
blog_content_cleaned.csv:250,005,0.806633
blog_content_cleaned.csv:250,000,0.101467
blog_content_cleaned.csv:250,007,0.0919
blog_content_cleaned.csv:285,003,0.6126
blog_content_cleaned.csv:285,000,0.224811
blog_content_cleaned.csv:285,001,0.162589
blog_content_cleaned.csv:320,001,0.931526
blog_content_cleaned.csv:320,000,0.068474
blog_content_cleaned.csv:355,006,0.583061
blog_content_cleaned.csv:355,004,0.416939
blog_content_cleaned.csv:390,004,0.88722
blog_content_cleaned.csv:390,000,0.044142
blog_content_cleaned.csv:390,005,0.03818
blog_content_cleaned.csv:390,003,0.030457
