docname,topic,proportion
blog_content_cleaned.csv:13,003,0.787803
blog_content_cleaned.csv:13,004,0.193866
blog_content_cleaned.csv:13,000,0.01833
blog_content_cleaned.csv:48,002,0.399223
blog_content_cleaned.csv:48,003,0.340172
blog_content_cleaned.csv:48,001,0.260605
blog_content_cleaned.csv:83,002,0.586584
blog_content_cleaned.csv:83,004,0.225148
blog_content_cleaned.csv:83,003,0.188268
blog_content_cleaned.csv:118,001,0.916309
blog_content_cleaned.csv:118,003,0.072797
blog_content_cleaned.csv:118,002,0.010894
blog_content_cleaned.csv:153,003,0.55935
blog_content_cleaned.csv:153,002,0.39355
blog_content_cleaned.csv:153,000,0.0471
blog_content_cleaned.csv:188,002,0.46669
blog_content_cleaned.csv:188,000,0.277884
blog_content_cleaned.csv:188,001,0.255425
blog_content_cleaned.csv:218,003,0.884404
blog_content_cleaned.csv:218,000,0.115596
blog_content_cleaned.csv:253,000,0.700374
blog_content_cleaned.csv:253,001,0.299626
blog_content_cleaned.csv:288,003,0.661448
blog_content_cleaned.csv:288,001,0.338552
blog_content_cleaned.csv:323,000,0.763195
blog_content_cleaned.csv:323,003,0.236805
blog_content_cleaned.csv:358,002,0.858192
blog_content_cleaned.csv:358,001,0.141808
blog_content_cleaned.csv:23,001,0.794476
blog_content_cleaned.csv:23,004,0.101271
blog_content_cleaned.csv:23,000,0.054409
blog_content_cleaned.csv:23,002,0.049844
blog_content_cleaned.csv:58,000,0.642377
blog_content_cleaned.csv:58,003,0.270055
blog_content_cleaned.csv:58,002,0.087568
blog_content_cleaned.csv:93,003,0.793574
blog_content_cleaned.csv:93,004,0.132857
blog_content_cleaned.csv:93,001,0.073569
blog_content_cleaned.csv:128,002,0.464655
blog_content_cleaned.csv:128,001,0.410386
blog_content_cleaned.csv:128,000,0.124959
blog_content_cleaned.csv:163,000,0.515645
blog_content_cleaned.csv:163,001,0.484355
blog_content_cleaned.csv:193,000,0.96851
blog_content_cleaned.csv:193,002,0.03149
blog_content_cleaned.csv:228,003,0.738596
blog_content_cleaned.csv:228,001,0.233853
blog_content_cleaned.csv:228,004,0.027551
blog_content_cleaned.csv:263,001,1.0
blog_content_cleaned.csv:298,000,0.565564
blog_content_cleaned.csv:298,002,0.235842
blog_content_cleaned.csv:298,004,0.198594
blog_content_cleaned.csv:333,000,0.832289
blog_content_cleaned.csv:333,003,0.167711
blog_content_cleaned.csv:368,003,0.66428
blog_content_cleaned.csv:368,002,0.217351
blog_content_cleaned.csv:368,001,0.11837
blog_content_cleaned.csv:32,000,0.732838
blog_content_cleaned.csv:32,004,0.262813
blog_content_cleaned.csv:32,001,0.004349
blog_content_cleaned.csv:67,003,0.462176
blog_content_cleaned.csv:67,000,0.304965
blog_content_cleaned.csv:67,002,0.12763
blog_content_cleaned.csv:67,004,0.105229
blog_content_cleaned.csv:102,000,0.658015
blog_content_cleaned.csv:102,001,0.206808
blog_content_cleaned.csv:102,004,0.135178
blog_content_cleaned.csv:137,003,0.591319
blog_content_cleaned.csv:137,004,0.381781
blog_content_cleaned.csv:137,000,0.0269
blog_content_cleaned.csv:172,001,0.933629
blog_content_cleaned.csv:172,002,0.066371
blog_content_cleaned.csv:202,001,0.544312
blog_content_cleaned.csv:202,000,0.233451
blog_content_cleaned.csv:202,004,0.222238
blog_content_cleaned.csv:237,000,0.759734
blog_content_cleaned.csv:237,003,0.240266
blog_content_cleaned.csv:272,004,0.646462
blog_content_cleaned.csv:272,003,0.188097
blog_content_cleaned.csv:272,000,0.104698
blog_content_cleaned.csv:272,002,0.060744
blog_content_cleaned.csv:307,000,0.846145
blog_content_cleaned.csv:307,001,0.153855
blog_content_cleaned.csv:342,002,0.650342
blog_content_cleaned.csv:342,000,0.349658
blog_content_cleaned.csv:377,004,0.44725
blog_content_cleaned.csv:377,001,0.373209
blog_content_cleaned.csv:377,002,0.179541
blog_content_cleaned.csv:34,002,0.473913
blog_content_cleaned.csv:34,004,0.326608
blog_content_cleaned.csv:34,003,0.099564
blog_content_cleaned.csv:34,000,0.082852
blog_content_cleaned.csv:34,001,0.017062
blog_content_cleaned.csv:69,003,0.940996
blog_content_cleaned.csv:69,000,0.059004
blog_content_cleaned.csv:104,001,0.88853
blog_content_cleaned.csv:104,000,0.11147
blog_content_cleaned.csv:139,001,0.875737
blog_content_cleaned.csv:139,000,0.124263
blog_content_cleaned.csv:174,002,0.995731
blog_content_cleaned.csv:174,000,0.004269
blog_content_cleaned.csv:204,004,0.467106
blog_content_cleaned.csv:204,000,0.272333
blog_content_cleaned.csv:204,002,0.228078
blog_content_cleaned.csv:204,001,0.032483
blog_content_cleaned.csv:239,003,0.97253
blog_content_cleaned.csv:239,000,0.02747
blog_content_cleaned.csv:274,002,0.529736
blog_content_cleaned.csv:274,004,0.340876
blog_content_cleaned.csv:274,000,0.069613
blog_content_cleaned.csv:274,001,0.059774
blog_content_cleaned.csv:309,001,0.694517
blog_content_cleaned.csv:309,004,0.239522
blog_content_cleaned.csv:309,000,0.065961
blog_content_cleaned.csv:344,001,0.793616
blog_content_cleaned.csv:344,000,0.206384
blog_content_cleaned.csv:379,000,0.682691
blog_content_cleaned.csv:379,004,0.314271
blog_content_cleaned.csv:379,003,0.003038
blog_content_cleaned.csv:18,002,0.929527
blog_content_cleaned.csv:18,000,0.070473
blog_content_cleaned.csv:53,002,0.654588
blog_content_cleaned.csv:53,000,0.175068
blog_content_cleaned.csv:53,004,0.091213
blog_content_cleaned.csv:53,001,0.07913
blog_content_cleaned.csv:88,003,0.913523
blog_content_cleaned.csv:88,000,0.086477
blog_content_cleaned.csv:123,000,0.888458
blog_content_cleaned.csv:123,001,0.10377
blog_content_cleaned.csv:123,004,0.007772
blog_content_cleaned.csv:158,004,0.539817
blog_content_cleaned.csv:158,003,0.382455
blog_content_cleaned.csv:158,000,0.077728
blog_content_cleaned.csv:223,002,0.474856
blog_content_cleaned.csv:223,004,0.288073
blog_content_cleaned.csv:223,000,0.123643
blog_content_cleaned.csv:223,001,0.113429
blog_content_cleaned.csv:258,003,0.88706
blog_content_cleaned.csv:258,001,0.11294
blog_content_cleaned.csv:293,000,0.690474
blog_content_cleaned.csv:293,001,0.3031
blog_content_cleaned.csv:293,002,0.006425
blog_content_cleaned.csv:328,000,0.94716
blog_content_cleaned.csv:328,002,0.05284
blog_content_cleaned.csv:363,001,0.62007
blog_content_cleaned.csv:363,002,0.192675
blog_content_cleaned.csv:363,003,0.187255
blog_content_cleaned.csv:5,000,0.448573
blog_content_cleaned.csv:5,002,0.194521
blog_content_cleaned.csv:5,003,0.181746
blog_content_cleaned.csv:5,004,0.17516
blog_content_cleaned.csv:40,004,0.744117
blog_content_cleaned.csv:40,002,0.11255
blog_content_cleaned.csv:40,003,0.111863
blog_content_cleaned.csv:40,001,0.031469
blog_content_cleaned.csv:75,002,0.851679
blog_content_cleaned.csv:75,001,0.148321
blog_content_cleaned.csv:110,002,0.640936
blog_content_cleaned.csv:110,004,0.189448
blog_content_cleaned.csv:110,000,0.169615
blog_content_cleaned.csv:145,001,0.874299
blog_content_cleaned.csv:145,002,0.125701
blog_content_cleaned.csv:180,003,0.606363
blog_content_cleaned.csv:180,000,0.393637
blog_content_cleaned.csv:210,002,0.898333
blog_content_cleaned.csv:210,001,0.101667
blog_content_cleaned.csv:245,002,0.479124
blog_content_cleaned.csv:245,000,0.33368
blog_content_cleaned.csv:245,003,0.110583
blog_content_cleaned.csv:245,001,0.076614
blog_content_cleaned.csv:280,000,0.931121
blog_content_cleaned.csv:280,002,0.068879
blog_content_cleaned.csv:315,000,1.0
blog_content_cleaned.csv:350,003,1.0
blog_content_cleaned.csv:385,001,0.925168
blog_content_cleaned.csv:385,002,0.074832
blog_content_cleaned.csv:16,003,0.386303
blog_content_cleaned.csv:16,004,0.318516
blog_content_cleaned.csv:16,002,0.295182
blog_content_cleaned.csv:51,001,0.843863
blog_content_cleaned.csv:51,004,0.078273
blog_content_cleaned.csv:51,000,0.077864
blog_content_cleaned.csv:86,000,0.834907
blog_content_cleaned.csv:86,001,0.103374
blog_content_cleaned.csv:86,003,0.061719
blog_content_cleaned.csv:121,001,0.97844
blog_content_cleaned.csv:121,004,0.02156
blog_content_cleaned.csv:156,003,0.468171
blog_content_cleaned.csv:156,004,0.381804
blog_content_cleaned.csv:156,001,0.150025
blog_content_cleaned.csv:221,000,0.463987
blog_content_cleaned.csv:221,001,0.265298
blog_content_cleaned.csv:221,004,0.154132
blog_content_cleaned.csv:221,002,0.116583
blog_content_cleaned.csv:256,003,0.513633
blog_content_cleaned.csv:256,004,0.486367
blog_content_cleaned.csv:291,001,0.596474
blog_content_cleaned.csv:291,000,0.403526
blog_content_cleaned.csv:326,003,0.898364
blog_content_cleaned.csv:326,001,0.101636
blog_content_cleaned.csv:361,001,0.930466
blog_content_cleaned.csv:361,000,0.069534
blog_content_cleaned.csv:1,004,1.0
blog_content_cleaned.csv:36,002,0.646269
blog_content_cleaned.csv:36,001,0.194849
blog_content_cleaned.csv:36,003,0.158882
blog_content_cleaned.csv:71,002,0.592429
blog_content_cleaned.csv:71,004,0.333383
blog_content_cleaned.csv:71,003,0.074188
blog_content_cleaned.csv:106,004,0.350987
blog_content_cleaned.csv:106,000,0.271399
blog_content_cleaned.csv:106,002,0.165869
blog_content_cleaned.csv:106,003,0.112551
blog_content_cleaned.csv:106,001,0.099194
blog_content_cleaned.csv:141,000,0.947887
blog_content_cleaned.csv:141,001,0.052113
blog_content_cleaned.csv:176,000,0.713158
blog_content_cleaned.csv:176,002,0.286842
blog_content_cleaned.csv:206,000,0.320309
blog_content_cleaned.csv:206,003,0.284336
blog_content_cleaned.csv:206,002,0.24316
blog_content_cleaned.csv:206,001,0.152195
blog_content_cleaned.csv:241,004,0.593207
blog_content_cleaned.csv:241,003,0.381534
blog_content_cleaned.csv:241,002,0.02526
blog_content_cleaned.csv:276,004,0.583304
blog_content_cleaned.csv:276,000,0.203435
blog_content_cleaned.csv:276,002,0.176617
blog_content_cleaned.csv:276,003,0.036643
blog_content_cleaned.csv:311,003,0.97881
blog_content_cleaned.csv:311,000,0.02119
blog_content_cleaned.csv:346,000,0.927252
blog_content_cleaned.csv:346,001,0.072748
blog_content_cleaned.csv:381,003,0.613095
blog_content_cleaned.csv:381,000,0.350452
blog_content_cleaned.csv:381,002,0.036453
blog_content_cleaned.csv:21,004,0.788727
blog_content_cleaned.csv:21,002,0.194622
blog_content_cleaned.csv:21,003,0.016651
blog_content_cleaned.csv:56,002,0.437124
blog_content_cleaned.csv:56,004,0.364373
blog_content_cleaned.csv:56,001,0.198503
blog_content_cleaned.csv:91,000,0.426943
blog_content_cleaned.csv:91,004,0.344876
blog_content_cleaned.csv:91,003,0.22818
blog_content_cleaned.csv:126,000,0.529301
blog_content_cleaned.csv:126,003,0.248947
blog_content_cleaned.csv:126,002,0.221752
blog_content_cleaned.csv:161,002,0.688169
blog_content_cleaned.csv:161,000,0.234456
blog_content_cleaned.csv:161,004,0.077374
blog_content_cleaned.csv:191,003,0.948572
blog_content_cleaned.csv:191,000,0.030092
blog_content_cleaned.csv:191,002,0.021336
blog_content_cleaned.csv:226,002,0.629713
blog_content_cleaned.csv:226,001,0.370287
blog_content_cleaned.csv:261,002,0.624972
blog_content_cleaned.csv:261,001,0.284511
blog_content_cleaned.csv:261,004,0.090517
blog_content_cleaned.csv:296,001,0.839459
blog_content_cleaned.csv:296,004,0.067916
blog_content_cleaned.csv:296,002,0.047304
blog_content_cleaned.csv:296,000,0.045321
blog_content_cleaned.csv:331,003,0.923029
blog_content_cleaned.csv:331,000,0.076971
blog_content_cleaned.csv:366,000,0.490146
blog_content_cleaned.csv:366,004,0.423317
blog_content_cleaned.csv:366,003,0.086537
blog_content_cleaned.csv:25,001,0.722165
blog_content_cleaned.csv:25,002,0.23352
blog_content_cleaned.csv:25,004,0.044315
blog_content_cleaned.csv:60,000,0.969063
blog_content_cleaned.csv:60,003,0.030937
blog_content_cleaned.csv:95,003,0.828222
blog_content_cleaned.csv:95,001,0.171778
blog_content_cleaned.csv:130,003,0.436004
blog_content_cleaned.csv:130,000,0.327613
blog_content_cleaned.csv:130,004,0.236383
blog_content_cleaned.csv:165,004,0.811256
blog_content_cleaned.csv:165,003,0.184498
blog_content_cleaned.csv:165,000,0.004246
blog_content_cleaned.csv:195,001,0.52974
blog_content_cleaned.csv:195,003,0.316557
blog_content_cleaned.csv:195,002,0.153703
blog_content_cleaned.csv:230,002,0.766469
blog_content_cleaned.csv:230,000,0.126911
blog_content_cleaned.csv:230,001,0.10662
blog_content_cleaned.csv:265,003,0.606053
blog_content_cleaned.csv:265,000,0.22954
blog_content_cleaned.csv:265,002,0.164407
blog_content_cleaned.csv:300,001,0.943201
blog_content_cleaned.csv:300,003,0.056799
blog_content_cleaned.csv:335,001,0.765329
blog_content_cleaned.csv:335,003,0.139697
blog_content_cleaned.csv:335,002,0.094974
blog_content_cleaned.csv:370,001,0.678757
blog_content_cleaned.csv:370,000,0.321243
blog_content_cleaned.csv:10,000,0.413126
blog_content_cleaned.csv:10,002,0.24843
blog_content_cleaned.csv:10,001,0.234193
blog_content_cleaned.csv:10,003,0.104251
blog_content_cleaned.csv:45,002,0.593429
blog_content_cleaned.csv:45,004,0.406571
blog_content_cleaned.csv:80,000,0.724493
blog_content_cleaned.csv:80,003,0.172311
blog_content_cleaned.csv:80,002,0.103195
blog_content_cleaned.csv:115,000,0.506993
blog_content_cleaned.csv:115,004,0.441342
blog_content_cleaned.csv:115,002,0.051665
blog_content_cleaned.csv:150,000,0.932361
blog_content_cleaned.csv:150,004,0.067639
blog_content_cleaned.csv:185,002,0.930277
blog_content_cleaned.csv:185,001,0.069723
blog_content_cleaned.csv:215,002,1.0
blog_content_cleaned.csv:250,004,0.846467
blog_content_cleaned.csv:250,002,0.143142
blog_content_cleaned.csv:250,000,0.010391
blog_content_cleaned.csv:285,000,0.65359
blog_content_cleaned.csv:285,002,0.34641
blog_content_cleaned.csv:320,000,0.659644
blog_content_cleaned.csv:320,002,0.340356
blog_content_cleaned.csv:355,001,0.917957
blog_content_cleaned.csv:355,000,0.082042
blog_content_cleaned.csv:390,001,0.503208
blog_content_cleaned.csv:390,003,0.465962
blog_content_cleaned.csv:390,002,0.03083
blog_content_cleaned.csv:3,003,0.398608
blog_content_cleaned.csv:3,001,0.397131
blog_content_cleaned.csv:3,002,0.204262
blog_content_cleaned.csv:38,001,0.589326
blog_content_cleaned.csv:38,000,0.410674
blog_content_cleaned.csv:73,004,0.636188
blog_content_cleaned.csv:73,000,0.268385
blog_content_cleaned.csv:73,002,0.095427
blog_content_cleaned.csv:108,002,0.738568
blog_content_cleaned.csv:108,001,0.160445
blog_content_cleaned.csv:108,004,0.100987
blog_content_cleaned.csv:143,002,0.732154
blog_content_cleaned.csv:143,004,0.159344
blog_content_cleaned.csv:143,000,0.108502
blog_content_cleaned.csv:178,002,0.394736
blog_content_cleaned.csv:178,004,0.324037
blog_content_cleaned.csv:178,000,0.281227
blog_content_cleaned.csv:208,000,0.452847
blog_content_cleaned.csv:208,002,0.371199
blog_content_cleaned.csv:208,001,0.175955
blog_content_cleaned.csv:243,000,0.5963
blog_content_cleaned.csv:243,003,0.4037
blog_content_cleaned.csv:278,001,0.819485
blog_content_cleaned.csv:278,000,0.180515
blog_content_cleaned.csv:313,000,0.987853
blog_content_cleaned.csv:313,002,0.012147
blog_content_cleaned.csv:348,000,0.966978
blog_content_cleaned.csv:348,001,0.033022
blog_content_cleaned.csv:383,002,0.793699
blog_content_cleaned.csv:383,004,0.152538
blog_content_cleaned.csv:383,000,0.053763
blog_content_cleaned.csv:30,000,0.854051
blog_content_cleaned.csv:30,002,0.082558
blog_content_cleaned.csv:30,001,0.063392
blog_content_cleaned.csv:65,004,0.342371
blog_content_cleaned.csv:65,003,0.335329
blog_content_cleaned.csv:65,000,0.317411
blog_content_cleaned.csv:65,001,0.004889
blog_content_cleaned.csv:100,004,0.586958
blog_content_cleaned.csv:100,000,0.226384
blog_content_cleaned.csv:100,001,0.186658
blog_content_cleaned.csv:135,001,0.77919
blog_content_cleaned.csv:135,004,0.217633
blog_content_cleaned.csv:135,000,0.003177
blog_content_cleaned.csv:170,002,0.789956
blog_content_cleaned.csv:170,000,0.210044
blog_content_cleaned.csv:200,001,0.956977
blog_content_cleaned.csv:200,000,0.043023
blog_content_cleaned.csv:235,002,0.829198
blog_content_cleaned.csv:235,001,0.170802
blog_content_cleaned.csv:270,003,0.837945
blog_content_cleaned.csv:270,000,0.156438
blog_content_cleaned.csv:270,002,0.005618
blog_content_cleaned.csv:305,002,0.594208
blog_content_cleaned.csv:305,001,0.322322
blog_content_cleaned.csv:305,004,0.053429
blog_content_cleaned.csv:305,000,0.03004
blog_content_cleaned.csv:340,000,0.597604
blog_content_cleaned.csv:340,004,0.221076
blog_content_cleaned.csv:340,002,0.18132
blog_content_cleaned.csv:375,003,0.574876
blog_content_cleaned.csv:375,000,0.353623
blog_content_cleaned.csv:375,004,0.071501
blog_content_cleaned.csv:28,002,0.791545
blog_content_cleaned.csv:28,001,0.17343
blog_content_cleaned.csv:28,003,0.035025
blog_content_cleaned.csv:63,000,0.394837
blog_content_cleaned.csv:63,004,0.351446
blog_content_cleaned.csv:63,001,0.253717
blog_content_cleaned.csv:98,003,0.448399
blog_content_cleaned.csv:98,000,0.448232
blog_content_cleaned.csv:98,004,0.103369
blog_content_cleaned.csv:133,003,0.501409
blog_content_cleaned.csv:133,004,0.400322
blog_content_cleaned.csv:133,000,0.098269
blog_content_cleaned.csv:168,002,0.587274
blog_content_cleaned.csv:168,001,0.219809
blog_content_cleaned.csv:168,000,0.192917
blog_content_cleaned.csv:198,002,0.385991
blog_content_cleaned.csv:198,003,0.29235
blog_content_cleaned.csv:198,000,0.20249
blog_content_cleaned.csv:198,001,0.119169
blog_content_cleaned.csv:233,003,0.864088
blog_content_cleaned.csv:233,001,0.135912
blog_content_cleaned.csv:268,002,0.698832
blog_content_cleaned.csv:268,000,0.186419
blog_content_cleaned.csv:268,004,0.114749
blog_content_cleaned.csv:303,002,0.962205
blog_content_cleaned.csv:303,001,0.037795
blog_content_cleaned.csv:338,000,0.690447
blog_content_cleaned.csv:338,004,0.264604
blog_content_cleaned.csv:338,001,0.044948
blog_content_cleaned.csv:373,001,0.833322
blog_content_cleaned.csv:373,003,0.098309
blog_content_cleaned.csv:373,004,0.068369
blog_content_cleaned.csv:17,002,0.952595
blog_content_cleaned.csv:17,000,0.027611
blog_content_cleaned.csv:17,001,0.019794
blog_content_cleaned.csv:52,000,0.724038
blog_content_cleaned.csv:52,003,0.275962
blog_content_cleaned.csv:87,000,0.687923
blog_content_cleaned.csv:87,004,0.195423
blog_content_cleaned.csv:87,002,0.116654
blog_content_cleaned.csv:122,002,0.425241
blog_content_cleaned.csv:122,000,0.273288
blog_content_cleaned.csv:122,003,0.264815
blog_content_cleaned.csv:122,001,0.036656
blog_content_cleaned.csv:157,001,0.59098
blog_content_cleaned.csv:157,002,0.235137
blog_content_cleaned.csv:157,004,0.173883
blog_content_cleaned.csv:222,000,0.897725
blog_content_cleaned.csv:222,004,0.102275
blog_content_cleaned.csv:257,001,0.717469
blog_content_cleaned.csv:257,000,0.282531
blog_content_cleaned.csv:292,001,0.658601
blog_content_cleaned.csv:292,003,0.261837
blog_content_cleaned.csv:292,002,0.079562
blog_content_cleaned.csv:327,001,0.53703
blog_content_cleaned.csv:327,002,0.361139
blog_content_cleaned.csv:327,003,0.101831
blog_content_cleaned.csv:362,000,0.740726
blog_content_cleaned.csv:362,004,0.217007
blog_content_cleaned.csv:362,002,0.042267
blog_content_cleaned.csv:2,000,0.613027
blog_content_cleaned.csv:2,002,0.386973
blog_content_cleaned.csv:37,002,1.0
blog_content_cleaned.csv:72,003,0.752848
blog_content_cleaned.csv:72,000,0.214198
blog_content_cleaned.csv:72,004,0.032954
blog_content_cleaned.csv:107,001,0.553618
blog_content_cleaned.csv:107,000,0.381081
blog_content_cleaned.csv:107,004,0.065301
blog_content_cleaned.csv:142,004,0.426694
blog_content_cleaned.csv:142,000,0.407645
blog_content_cleaned.csv:142,003,0.126514
blog_content_cleaned.csv:142,002,0.039147
blog_content_cleaned.csv:177,000,1.0
blog_content_cleaned.csv:207,003,0.558643
blog_content_cleaned.csv:207,000,0.441357
blog_content_cleaned.csv:242,001,1.0
blog_content_cleaned.csv:277,003,0.449239
blog_content_cleaned.csv:277,002,0.276293
blog_content_cleaned.csv:277,001,0.15162
blog_content_cleaned.csv:277,000,0.122849
blog_content_cleaned.csv:312,001,1.0
blog_content_cleaned.csv:347,001,0.988405
blog_content_cleaned.csv:347,002,0.011595
blog_content_cleaned.csv:382,000,0.619973
blog_content_cleaned.csv:382,003,0.251422
blog_content_cleaned.csv:382,004,0.128606
blog_content_cleaned.csv:0,002,0.606969
blog_content_cleaned.csv:0,001,0.267118
blog_content_cleaned.csv:0,004,0.125913
blog_content_cleaned.csv:35,003,0.547748
blog_content_cleaned.csv:35,004,0.260025
blog_content_cleaned.csv:35,001,0.192227
blog_content_cleaned.csv:70,002,0.443699
blog_content_cleaned.csv:70,004,0.24093
blog_content_cleaned.csv:70,000,0.188936
blog_content_cleaned.csv:70,001,0.126434
blog_content_cleaned.csv:105,002,0.790718
blog_content_cleaned.csv:105,001,0.209282
blog_content_cleaned.csv:140,001,0.976634
blog_content_cleaned.csv:140,000,0.023366
blog_content_cleaned.csv:175,001,0.903211
blog_content_cleaned.csv:175,002,0.064865
blog_content_cleaned.csv:175,003,0.031924
blog_content_cleaned.csv:205,003,0.45007
blog_content_cleaned.csv:205,001,0.389529
blog_content_cleaned.csv:205,002,0.160401
blog_content_cleaned.csv:240,003,0.683218
blog_content_cleaned.csv:240,001,0.316782
blog_content_cleaned.csv:275,002,0.760678
blog_content_cleaned.csv:275,000,0.239322
blog_content_cleaned.csv:310,000,0.883506
blog_content_cleaned.csv:310,001,0.06048
blog_content_cleaned.csv:310,002,0.056013
blog_content_cleaned.csv:345,000,0.560035
blog_content_cleaned.csv:345,004,0.424996
blog_content_cleaned.csv:345,002,0.014969
blog_content_cleaned.csv:380,001,0.649368
blog_content_cleaned.csv:380,000,0.283426
blog_content_cleaned.csv:380,004,0.067205
blog_content_cleaned.csv:7,003,0.458586
blog_content_cleaned.csv:7,001,0.327973
blog_content_cleaned.csv:7,000,0.171685
blog_content_cleaned.csv:7,002,0.041756
blog_content_cleaned.csv:42,001,0.531236
blog_content_cleaned.csv:42,002,0.24602
blog_content_cleaned.csv:42,003,0.222744
blog_content_cleaned.csv:77,002,0.571379
blog_content_cleaned.csv:77,003,0.428621
blog_content_cleaned.csv:112,002,0.903044
blog_content_cleaned.csv:112,004,0.053397
blog_content_cleaned.csv:112,001,0.043559
blog_content_cleaned.csv:147,003,0.426943
blog_content_cleaned.csv:147,001,0.421203
blog_content_cleaned.csv:147,002,0.151854
blog_content_cleaned.csv:182,002,0.482301
blog_content_cleaned.csv:182,004,0.2228
blog_content_cleaned.csv:182,001,0.179767
blog_content_cleaned.csv:182,000,0.115132
blog_content_cleaned.csv:212,003,0.726206
blog_content_cleaned.csv:212,000,0.273794
blog_content_cleaned.csv:247,003,0.529352
blog_content_cleaned.csv:247,002,0.255624
blog_content_cleaned.csv:247,000,0.121465
blog_content_cleaned.csv:247,004,0.093559
blog_content_cleaned.csv:282,000,0.720984
blog_content_cleaned.csv:282,001,0.241108
blog_content_cleaned.csv:282,004,0.037908
blog_content_cleaned.csv:317,001,0.668742
blog_content_cleaned.csv:317,003,0.325968
blog_content_cleaned.csv:317,002,0.00529
blog_content_cleaned.csv:352,002,0.727817
blog_content_cleaned.csv:352,001,0.272183
blog_content_cleaned.csv:387,004,0.931909
blog_content_cleaned.csv:387,000,0.068091
blog_content_cleaned.csv:31,004,0.570278
blog_content_cleaned.csv:31,003,0.351844
blog_content_cleaned.csv:31,000,0.077879
blog_content_cleaned.csv:66,004,0.953222
blog_content_cleaned.csv:66,000,0.046777
blog_content_cleaned.csv:101,000,0.689044
blog_content_cleaned.csv:101,002,0.310956
blog_content_cleaned.csv:136,002,0.824631
blog_content_cleaned.csv:136,000,0.175369
blog_content_cleaned.csv:171,001,0.821018
blog_content_cleaned.csv:171,000,0.148122
blog_content_cleaned.csv:171,002,0.030859
blog_content_cleaned.csv:201,001,0.874939
blog_content_cleaned.csv:201,002,0.125061
blog_content_cleaned.csv:236,001,0.292468
blog_content_cleaned.csv:236,003,0.280646
blog_content_cleaned.csv:236,002,0.218773
blog_content_cleaned.csv:236,000,0.131153
blog_content_cleaned.csv:236,004,0.07696
blog_content_cleaned.csv:271,002,0.525011
blog_content_cleaned.csv:271,001,0.453029
blog_content_cleaned.csv:271,000,0.021959
blog_content_cleaned.csv:306,001,0.67503
blog_content_cleaned.csv:306,004,0.166745
blog_content_cleaned.csv:306,002,0.158224
blog_content_cleaned.csv:341,001,0.994922
blog_content_cleaned.csv:341,000,0.005078
blog_content_cleaned.csv:376,000,0.751079
blog_content_cleaned.csv:376,004,0.14564
blog_content_cleaned.csv:376,003,0.103281
blog_content_cleaned.csv:24,000,0.763404
blog_content_cleaned.csv:24,001,0.236596
blog_content_cleaned.csv:59,002,0.919911
blog_content_cleaned.csv:59,000,0.080089
blog_content_cleaned.csv:94,004,0.516893
blog_content_cleaned.csv:94,000,0.409304
blog_content_cleaned.csv:94,001,0.073803
blog_content_cleaned.csv:129,000,0.311138
blog_content_cleaned.csv:129,004,0.238599
blog_content_cleaned.csv:129,003,0.2277
blog_content_cleaned.csv:129,002,0.21144
blog_content_cleaned.csv:129,001,0.011123
blog_content_cleaned.csv:164,002,0.439301
blog_content_cleaned.csv:164,003,0.222287
blog_content_cleaned.csv:164,000,0.173483
blog_content_cleaned.csv:164,001,0.164929
blog_content_cleaned.csv:194,001,0.674912
blog_content_cleaned.csv:194,002,0.325088
blog_content_cleaned.csv:229,003,0.575734
blog_content_cleaned.csv:229,001,0.362325
blog_content_cleaned.csv:229,004,0.06194
blog_content_cleaned.csv:264,003,0.644702
blog_content_cleaned.csv:264,000,0.219951
blog_content_cleaned.csv:264,001,0.135347
blog_content_cleaned.csv:299,004,0.408197
blog_content_cleaned.csv:299,002,0.323672
blog_content_cleaned.csv:299,001,0.268131
blog_content_cleaned.csv:334,002,0.400008
blog_content_cleaned.csv:334,004,0.243521
blog_content_cleaned.csv:334,003,0.185096
blog_content_cleaned.csv:334,000,0.171374
blog_content_cleaned.csv:369,000,0.59843
blog_content_cleaned.csv:369,004,0.353624
blog_content_cleaned.csv:369,003,0.047946
blog_content_cleaned.csv:11,001,0.585224
blog_content_cleaned.csv:11,003,0.280162
blog_content_cleaned.csv:11,002,0.134614
blog_content_cleaned.csv:46,004,0.492561
blog_content_cleaned.csv:46,002,0.397858
blog_content_cleaned.csv:46,003,0.10958
blog_content_cleaned.csv:81,001,0.374511
blog_content_cleaned.csv:81,003,0.344222
blog_content_cleaned.csv:81,004,0.203448
blog_content_cleaned.csv:81,000,0.077819
blog_content_cleaned.csv:116,003,0.454414
blog_content_cleaned.csv:116,000,0.333011
blog_content_cleaned.csv:116,004,0.212575
blog_content_cleaned.csv:151,003,0.634677
blog_content_cleaned.csv:151,004,0.182288
blog_content_cleaned.csv:151,001,0.069597
blog_content_cleaned.csv:151,000,0.061199
blog_content_cleaned.csv:151,002,0.05224
blog_content_cleaned.csv:186,001,0.647602
blog_content_cleaned.csv:186,002,0.20644
blog_content_cleaned.csv:186,004,0.145957
blog_content_cleaned.csv:216,003,0.815212
blog_content_cleaned.csv:216,004,0.184788
blog_content_cleaned.csv:251,001,0.471958
blog_content_cleaned.csv:251,000,0.384914
blog_content_cleaned.csv:251,002,0.143128
blog_content_cleaned.csv:286,004,0.80742
blog_content_cleaned.csv:286,001,0.139961
blog_content_cleaned.csv:286,000,0.052619
blog_content_cleaned.csv:321,000,1.0
blog_content_cleaned.csv:356,002,0.821996
blog_content_cleaned.csv:356,001,0.178004
blog_content_cleaned.csv:391,000,0.730639
blog_content_cleaned.csv:391,001,0.26242
blog_content_cleaned.csv:391,002,0.00694
blog_content_cleaned.csv:33,001,0.932748
blog_content_cleaned.csv:33,004,0.041616
blog_content_cleaned.csv:33,000,0.025636
blog_content_cleaned.csv:68,002,1.0
blog_content_cleaned.csv:103,002,0.455397
blog_content_cleaned.csv:103,003,0.326074
blog_content_cleaned.csv:103,001,0.218529
blog_content_cleaned.csv:138,002,0.553604
blog_content_cleaned.csv:138,001,0.288411
blog_content_cleaned.csv:138,004,0.157986
blog_content_cleaned.csv:173,000,1.0
blog_content_cleaned.csv:203,001,0.417915
blog_content_cleaned.csv:203,004,0.232936
blog_content_cleaned.csv:203,000,0.193301
blog_content_cleaned.csv:203,003,0.155849
blog_content_cleaned.csv:238,002,1.0
blog_content_cleaned.csv:273,002,0.726896
blog_content_cleaned.csv:273,000,0.273104
blog_content_cleaned.csv:308,001,0.868749
blog_content_cleaned.csv:308,002,0.131251
blog_content_cleaned.csv:343,000,0.608328
blog_content_cleaned.csv:343,002,0.391672
blog_content_cleaned.csv:378,003,0.622517
blog_content_cleaned.csv:378,000,0.377483
blog_content_cleaned.csv:8,000,0.957221
blog_content_cleaned.csv:8,001,0.042779
blog_content_cleaned.csv:43,000,0.53282
blog_content_cleaned.csv:43,004,0.400622
blog_content_cleaned.csv:43,003,0.066558
blog_content_cleaned.csv:78,001,0.886445
blog_content_cleaned.csv:78,000,0.068049
blog_content_cleaned.csv:78,003,0.045506
blog_content_cleaned.csv:113,002,0.847853
blog_content_cleaned.csv:113,000,0.152147
blog_content_cleaned.csv:148,000,0.840695
blog_content_cleaned.csv:148,001,0.159305
blog_content_cleaned.csv:183,001,0.409464
blog_content_cleaned.csv:183,002,0.401955
blog_content_cleaned.csv:183,000,0.188581
blog_content_cleaned.csv:213,001,0.92885
blog_content_cleaned.csv:213,003,0.07115
blog_content_cleaned.csv:248,002,0.648937
blog_content_cleaned.csv:248,003,0.255069
blog_content_cleaned.csv:248,001,0.095994
blog_content_cleaned.csv:283,002,0.920042
blog_content_cleaned.csv:283,004,0.079958
blog_content_cleaned.csv:318,003,0.514408
blog_content_cleaned.csv:318,002,0.349812
blog_content_cleaned.csv:318,000,0.13578
blog_content_cleaned.csv:353,002,0.937956
blog_content_cleaned.csv:353,004,0.062044
blog_content_cleaned.csv:388,000,0.587402
blog_content_cleaned.csv:388,003,0.412598
blog_content_cleaned.csv:15,000,0.772962
blog_content_cleaned.csv:15,002,0.141689
blog_content_cleaned.csv:15,001,0.085349
blog_content_cleaned.csv:50,002,0.488792
blog_content_cleaned.csv:50,004,0.258851
blog_content_cleaned.csv:50,000,0.252357
blog_content_cleaned.csv:85,000,0.676474
blog_content_cleaned.csv:85,001,0.183232
blog_content_cleaned.csv:85,003,0.120596
blog_content_cleaned.csv:85,002,0.019699
blog_content_cleaned.csv:120,000,0.317472
blog_content_cleaned.csv:120,002,0.266017
blog_content_cleaned.csv:120,004,0.235692
blog_content_cleaned.csv:120,001,0.09479
blog_content_cleaned.csv:120,003,0.086029
blog_content_cleaned.csv:155,000,0.503796
blog_content_cleaned.csv:155,001,0.39385
blog_content_cleaned.csv:155,004,0.102354
blog_content_cleaned.csv:220,002,0.61596
blog_content_cleaned.csv:220,003,0.38404
blog_content_cleaned.csv:255,002,0.484494
blog_content_cleaned.csv:255,001,0.352225
blog_content_cleaned.csv:255,003,0.163281
blog_content_cleaned.csv:290,003,0.798332
blog_content_cleaned.csv:290,002,0.201668
blog_content_cleaned.csv:325,001,1.0
blog_content_cleaned.csv:360,000,0.723715
blog_content_cleaned.csv:360,001,0.24616
blog_content_cleaned.csv:360,003,0.030125
blog_content_cleaned.csv:14,004,0.901891
blog_content_cleaned.csv:14,001,0.098109
blog_content_cleaned.csv:49,000,0.915458
blog_content_cleaned.csv:49,004,0.084542
blog_content_cleaned.csv:84,002,0.928653
blog_content_cleaned.csv:84,001,0.071347
blog_content_cleaned.csv:119,004,0.445598
blog_content_cleaned.csv:119,003,0.382316
blog_content_cleaned.csv:119,000,0.122648
blog_content_cleaned.csv:119,001,0.049437
blog_content_cleaned.csv:154,001,0.962334
blog_content_cleaned.csv:154,002,0.037666
blog_content_cleaned.csv:189,004,0.826446
blog_content_cleaned.csv:189,000,0.173554
blog_content_cleaned.csv:219,000,0.723681
blog_content_cleaned.csv:219,004,0.153204
blog_content_cleaned.csv:219,002,0.123115
blog_content_cleaned.csv:254,001,0.764093
blog_content_cleaned.csv:254,002,0.21412
blog_content_cleaned.csv:254,000,0.021786
blog_content_cleaned.csv:289,001,0.800478
blog_content_cleaned.csv:289,000,0.137215
blog_content_cleaned.csv:289,002,0.062307
blog_content_cleaned.csv:324,000,0.802371
blog_content_cleaned.csv:324,004,0.168004
blog_content_cleaned.csv:324,002,0.020824
blog_content_cleaned.csv:324,001,0.008801
blog_content_cleaned.csv:359,000,0.661972
blog_content_cleaned.csv:359,002,0.338028
blog_content_cleaned.csv:26,000,0.522718
blog_content_cleaned.csv:26,002,0.367437
blog_content_cleaned.csv:26,001,0.109845
blog_content_cleaned.csv:61,004,1.0
blog_content_cleaned.csv:96,003,0.505248
blog_content_cleaned.csv:96,004,0.378652
blog_content_cleaned.csv:96,002,0.1161
blog_content_cleaned.csv:131,002,0.490513
blog_content_cleaned.csv:131,003,0.22186
blog_content_cleaned.csv:131,004,0.198502
blog_content_cleaned.csv:131,001,0.089125
blog_content_cleaned.csv:166,001,0.706596
blog_content_cleaned.csv:166,002,0.164397
blog_content_cleaned.csv:166,003,0.129007
blog_content_cleaned.csv:196,004,1.0
blog_content_cleaned.csv:231,004,0.458459
blog_content_cleaned.csv:231,000,0.247645
blog_content_cleaned.csv:231,002,0.195187
blog_content_cleaned.csv:231,003,0.098708
blog_content_cleaned.csv:266,004,0.438347
blog_content_cleaned.csv:266,003,0.37054
blog_content_cleaned.csv:266,001,0.135147
blog_content_cleaned.csv:266,002,0.055966
blog_content_cleaned.csv:301,000,0.678526
blog_content_cleaned.csv:301,001,0.254006
blog_content_cleaned.csv:301,003,0.067468
blog_content_cleaned.csv:336,001,1.0
blog_content_cleaned.csv:371,000,0.858546
blog_content_cleaned.csv:371,002,0.141454
blog_content_cleaned.csv:6,004,0.485804
blog_content_cleaned.csv:6,002,0.257886
blog_content_cleaned.csv:6,003,0.25631
blog_content_cleaned.csv:41,003,0.811704
blog_content_cleaned.csv:41,000,0.188296
blog_content_cleaned.csv:76,000,0.976046
blog_content_cleaned.csv:76,002,0.023954
blog_content_cleaned.csv:111,000,0.58365
blog_content_cleaned.csv:111,002,0.41635
blog_content_cleaned.csv:146,001,0.355923
blog_content_cleaned.csv:146,003,0.33057
blog_content_cleaned.csv:146,002,0.313507
blog_content_cleaned.csv:181,001,0.820612
blog_content_cleaned.csv:181,000,0.110565
blog_content_cleaned.csv:181,004,0.068822
blog_content_cleaned.csv:211,000,0.519827
blog_content_cleaned.csv:211,003,0.480174
blog_content_cleaned.csv:246,001,0.568776
blog_content_cleaned.csv:246,003,0.431224
blog_content_cleaned.csv:281,001,0.90825
blog_content_cleaned.csv:281,000,0.083875
blog_content_cleaned.csv:281,002,0.007875
blog_content_cleaned.csv:316,002,0.705923
blog_content_cleaned.csv:316,001,0.15778
blog_content_cleaned.csv:316,004,0.136297
blog_content_cleaned.csv:351,000,0.460795
blog_content_cleaned.csv:351,004,0.361364
blog_content_cleaned.csv:351,002,0.177841
blog_content_cleaned.csv:386,002,0.711193
blog_content_cleaned.csv:386,004,0.288807
blog_content_cleaned.csv:4,001,0.977376
blog_content_cleaned.csv:4,000,0.022624
blog_content_cleaned.csv:39,002,0.598663
blog_content_cleaned.csv:39,004,0.401337
blog_content_cleaned.csv:74,002,0.935651
blog_content_cleaned.csv:74,003,0.064349
blog_content_cleaned.csv:109,000,0.577373
blog_content_cleaned.csv:109,002,0.260913
blog_content_cleaned.csv:109,001,0.161714
blog_content_cleaned.csv:144,001,0.738801
blog_content_cleaned.csv:144,002,0.137126
blog_content_cleaned.csv:144,000,0.124072
blog_content_cleaned.csv:179,002,0.437511
blog_content_cleaned.csv:179,003,0.235593
blog_content_cleaned.csv:179,000,0.180082
blog_content_cleaned.csv:179,004,0.146814
blog_content_cleaned.csv:209,001,0.840961
blog_content_cleaned.csv:209,000,0.159039
blog_content_cleaned.csv:244,003,0.614866
blog_content_cleaned.csv:244,000,0.250707
blog_content_cleaned.csv:244,002,0.134427
blog_content_cleaned.csv:279,002,0.527671
blog_content_cleaned.csv:279,001,0.387544
blog_content_cleaned.csv:279,000,0.084785
blog_content_cleaned.csv:314,004,0.766964
blog_content_cleaned.csv:314,001,0.233036
blog_content_cleaned.csv:349,002,0.703587
blog_content_cleaned.csv:349,001,0.258999
blog_content_cleaned.csv:349,003,0.037413
blog_content_cleaned.csv:384,002,0.870532
blog_content_cleaned.csv:384,004,0.129468
blog_content_cleaned.csv:29,004,0.498845
blog_content_cleaned.csv:29,000,0.409688
blog_content_cleaned.csv:29,002,0.091467
blog_content_cleaned.csv:64,001,0.596409
blog_content_cleaned.csv:64,004,0.241711
blog_content_cleaned.csv:64,002,0.16188
blog_content_cleaned.csv:99,002,0.747557
blog_content_cleaned.csv:99,001,0.196457
blog_content_cleaned.csv:99,003,0.055986
blog_content_cleaned.csv:134,001,0.858863
blog_content_cleaned.csv:134,002,0.129594
blog_content_cleaned.csv:134,003,0.011543
blog_content_cleaned.csv:169,001,0.52367
blog_content_cleaned.csv:169,004,0.334999
blog_content_cleaned.csv:169,002,0.125534
blog_content_cleaned.csv:169,003,0.015797
blog_content_cleaned.csv:199,002,0.910417
blog_content_cleaned.csv:199,001,0.089583
blog_content_cleaned.csv:234,002,0.747389
blog_content_cleaned.csv:234,000,0.227472
blog_content_cleaned.csv:234,001,0.025139
blog_content_cleaned.csv:269,001,0.964785
blog_content_cleaned.csv:269,004,0.035215
blog_content_cleaned.csv:304,000,0.955319
blog_content_cleaned.csv:304,001,0.044681
blog_content_cleaned.csv:339,000,0.462787
blog_content_cleaned.csv:339,002,0.374098
blog_content_cleaned.csv:339,001,0.163115
blog_content_cleaned.csv:374,003,1.0
blog_content_cleaned.csv:20,000,0.413491
blog_content_cleaned.csv:20,001,0.410451
blog_content_cleaned.csv:20,002,0.176058
blog_content_cleaned.csv:55,000,0.919268
blog_content_cleaned.csv:55,002,0.080732
blog_content_cleaned.csv:90,001,0.608625
blog_content_cleaned.csv:90,003,0.391375
blog_content_cleaned.csv:125,001,0.84234
blog_content_cleaned.csv:125,002,0.115007
blog_content_cleaned.csv:125,000,0.042653
blog_content_cleaned.csv:160,003,0.717416
blog_content_cleaned.csv:160,002,0.282584
blog_content_cleaned.csv:190,000,0.520669
blog_content_cleaned.csv:190,001,0.31892
blog_content_cleaned.csv:190,002,0.124725
blog_content_cleaned.csv:190,003,0.035686
blog_content_cleaned.csv:225,000,0.783821
blog_content_cleaned.csv:225,003,0.216179
blog_content_cleaned.csv:260,003,0.772859
blog_content_cleaned.csv:260,001,0.150409
blog_content_cleaned.csv:260,002,0.076732
blog_content_cleaned.csv:295,002,0.463866
blog_content_cleaned.csv:295,004,0.456125
blog_content_cleaned.csv:295,001,0.080009
blog_content_cleaned.csv:330,000,0.738396
blog_content_cleaned.csv:330,004,0.243722
blog_content_cleaned.csv:330,002,0.017882
blog_content_cleaned.csv:365,004,0.830017
blog_content_cleaned.csv:365,003,0.130544
blog_content_cleaned.csv:365,000,0.039439
blog_content_cleaned.csv:22,000,0.969206
blog_content_cleaned.csv:22,001,0.030794
blog_content_cleaned.csv:57,002,0.592798
blog_content_cleaned.csv:57,000,0.407202
blog_content_cleaned.csv:92,003,0.843138
blog_content_cleaned.csv:92,004,0.156862
blog_content_cleaned.csv:127,001,0.938598
blog_content_cleaned.csv:127,002,0.061403
blog_content_cleaned.csv:162,003,0.867069
blog_content_cleaned.csv:162,002,0.132931
blog_content_cleaned.csv:192,002,0.836081
blog_content_cleaned.csv:192,000,0.163919
blog_content_cleaned.csv:227,001,1.0
blog_content_cleaned.csv:262,002,0.459897
blog_content_cleaned.csv:262,000,0.393994
blog_content_cleaned.csv:262,001,0.146108
blog_content_cleaned.csv:297,000,0.96484
blog_content_cleaned.csv:297,002,0.03516
blog_content_cleaned.csv:332,000,0.971654
blog_content_cleaned.csv:332,002,0.028346
blog_content_cleaned.csv:367,000,0.547386
blog_content_cleaned.csv:367,003,0.348489
blog_content_cleaned.csv:367,001,0.069721
blog_content_cleaned.csv:367,002,0.034404
blog_content_cleaned.csv:9,002,0.543168
blog_content_cleaned.csv:9,004,0.247244
blog_content_cleaned.csv:9,000,0.152993
blog_content_cleaned.csv:9,001,0.056594
blog_content_cleaned.csv:44,003,0.743264
blog_content_cleaned.csv:44,000,0.256736
blog_content_cleaned.csv:79,000,0.698629
blog_content_cleaned.csv:79,002,0.188371
blog_content_cleaned.csv:79,004,0.112999
blog_content_cleaned.csv:114,001,0.961201
blog_content_cleaned.csv:114,000,0.038799
blog_content_cleaned.csv:149,002,0.737634
blog_content_cleaned.csv:149,001,0.224163
blog_content_cleaned.csv:149,003,0.038204
blog_content_cleaned.csv:184,001,0.988959
blog_content_cleaned.csv:184,004,0.011041
blog_content_cleaned.csv:214,001,0.577563
blog_content_cleaned.csv:214,003,0.331566
blog_content_cleaned.csv:214,000,0.068085
blog_content_cleaned.csv:214,002,0.022786
blog_content_cleaned.csv:249,000,0.577589
blog_content_cleaned.csv:249,002,0.38139
blog_content_cleaned.csv:249,003,0.041021
blog_content_cleaned.csv:284,002,0.809681
blog_content_cleaned.csv:284,001,0.190319
blog_content_cleaned.csv:319,002,0.558
blog_content_cleaned.csv:319,000,0.253996
blog_content_cleaned.csv:319,004,0.188004
blog_content_cleaned.csv:354,004,0.822568
blog_content_cleaned.csv:354,001,0.177432
blog_content_cleaned.csv:389,004,0.8896
blog_content_cleaned.csv:389,000,0.1104
blog_content_cleaned.csv:12,001,0.667612
blog_content_cleaned.csv:12,002,0.172453
blog_content_cleaned.csv:12,004,0.159935
blog_content_cleaned.csv:47,002,0.47714
blog_content_cleaned.csv:47,000,0.405892
blog_content_cleaned.csv:47,003,0.116968
blog_content_cleaned.csv:82,003,0.698676
blog_content_cleaned.csv:82,000,0.25474
blog_content_cleaned.csv:82,002,0.046584
blog_content_cleaned.csv:117,002,0.85442
blog_content_cleaned.csv:117,001,0.14558
blog_content_cleaned.csv:152,000,0.986032
blog_content_cleaned.csv:152,004,0.013968
blog_content_cleaned.csv:187,003,0.894353
blog_content_cleaned.csv:187,002,0.105647
blog_content_cleaned.csv:217,003,0.596993
blog_content_cleaned.csv:217,001,0.30526
blog_content_cleaned.csv:217,004,0.097748
blog_content_cleaned.csv:252,000,0.697065
blog_content_cleaned.csv:252,001,0.302935
blog_content_cleaned.csv:287,000,0.811309
blog_content_cleaned.csv:287,003,0.158039
blog_content_cleaned.csv:287,001,0.030653
blog_content_cleaned.csv:322,004,0.667971
blog_content_cleaned.csv:322,003,0.31485
blog_content_cleaned.csv:322,000,0.01718
blog_content_cleaned.csv:357,002,0.963823
blog_content_cleaned.csv:357,000,0.036177
blog_content_cleaned.csv:27,003,0.807075
blog_content_cleaned.csv:27,002,0.071916
blog_content_cleaned.csv:27,000,0.069696
blog_content_cleaned.csv:27,004,0.051314
blog_content_cleaned.csv:62,000,0.646387
blog_content_cleaned.csv:62,002,0.353613
blog_content_cleaned.csv:97,001,0.578722
blog_content_cleaned.csv:97,003,0.421278
blog_content_cleaned.csv:132,000,0.936798
blog_content_cleaned.csv:132,002,0.063202
blog_content_cleaned.csv:167,000,0.517283
blog_content_cleaned.csv:167,002,0.267573
blog_content_cleaned.csv:167,003,0.215145
blog_content_cleaned.csv:197,000,0.693723
blog_content_cleaned.csv:197,004,0.303699
blog_content_cleaned.csv:197,003,0.002578
blog_content_cleaned.csv:232,002,0.985329
blog_content_cleaned.csv:232,000,0.014671
blog_content_cleaned.csv:267,001,0.807581
blog_content_cleaned.csv:267,000,0.192419
blog_content_cleaned.csv:302,002,0.70845
blog_content_cleaned.csv:302,000,0.231769
blog_content_cleaned.csv:302,001,0.059781
blog_content_cleaned.csv:337,003,0.698796
blog_content_cleaned.csv:337,004,0.262673
blog_content_cleaned.csv:337,000,0.038531
blog_content_cleaned.csv:372,000,0.396594
blog_content_cleaned.csv:372,003,0.375017
blog_content_cleaned.csv:372,001,0.124226
blog_content_cleaned.csv:372,002,0.104163
blog_content_cleaned.csv:19,003,0.576367
blog_content_cleaned.csv:19,002,0.217027
blog_content_cleaned.csv:19,000,0.126055
blog_content_cleaned.csv:19,004,0.080551
blog_content_cleaned.csv:54,003,0.736726
blog_content_cleaned.csv:54,004,0.25198
blog_content_cleaned.csv:54,000,0.011294
blog_content_cleaned.csv:89,000,0.897899
blog_content_cleaned.csv:89,002,0.08027
blog_content_cleaned.csv:89,001,0.021831
blog_content_cleaned.csv:124,001,0.8985
blog_content_cleaned.csv:124,003,0.063839
blog_content_cleaned.csv:124,002,0.037661
blog_content_cleaned.csv:159,002,0.612263
blog_content_cleaned.csv:159,001,0.185881
blog_content_cleaned.csv:159,000,0.140894
blog_content_cleaned.csv:159,003,0.060962
blog_content_cleaned.csv:224,003,0.560915
blog_content_cleaned.csv:224,000,0.439085
blog_content_cleaned.csv:259,001,0.986951
blog_content_cleaned.csv:259,000,0.013049
blog_content_cleaned.csv:294,004,0.51224
blog_content_cleaned.csv:294,002,0.446575
blog_content_cleaned.csv:294,001,0.041185
blog_content_cleaned.csv:329,003,0.816061
blog_content_cleaned.csv:329,002,0.099653
blog_content_cleaned.csv:329,004,0.084286
blog_content_cleaned.csv:364,000,0.902398
blog_content_cleaned.csv:364,001,0.097602
