docname,topic,proportion
blog_content_cleaned.csv:7,002,0.41167
blog_content_cleaned.csv:7,004,0.261408
blog_content_cleaned.csv:7,003,0.236472
blog_content_cleaned.csv:7,001,0.09045
blog_content_cleaned.csv:42,003,0.493577
blog_content_cleaned.csv:42,001,0.298894
blog_content_cleaned.csv:42,002,0.207529
blog_content_cleaned.csv:77,001,0.613332
blog_content_cleaned.csv:77,002,0.386668
blog_content_cleaned.csv:112,001,0.896461
blog_content_cleaned.csv:112,005,0.068414
blog_content_cleaned.csv:112,003,0.035125
blog_content_cleaned.csv:147,002,0.403327
blog_content_cleaned.csv:147,003,0.385742
blog_content_cleaned.csv:147,001,0.210931
blog_content_cleaned.csv:182,001,0.474068
blog_content_cleaned.csv:182,005,0.252247
blog_content_cleaned.csv:182,003,0.177613
blog_content_cleaned.csv:182,000,0.096072
blog_content_cleaned.csv:212,002,0.594209
blog_content_cleaned.csv:212,004,0.302043
blog_content_cleaned.csv:212,001,0.103748
blog_content_cleaned.csv:247,002,0.407585
blog_content_cleaned.csv:247,004,0.276504
blog_content_cleaned.csv:247,001,0.225927
blog_content_cleaned.csv:247,005,0.089984
blog_content_cleaned.csv:282,000,0.39902
blog_content_cleaned.csv:282,004,0.32603
blog_content_cleaned.csv:282,003,0.27495
blog_content_cleaned.csv:317,003,0.663471
blog_content_cleaned.csv:317,002,0.232733
blog_content_cleaned.csv:317,004,0.098002
blog_content_cleaned.csv:317,000,0.005794
blog_content_cleaned.csv:352,001,0.677686
blog_content_cleaned.csv:352,003,0.322314
blog_content_cleaned.csv:387,005,0.936607
blog_content_cleaned.csv:387,004,0.063393
blog_content_cleaned.csv:17,001,0.941032
blog_content_cleaned.csv:17,004,0.052529
blog_content_cleaned.csv:17,000,0.006438
blog_content_cleaned.csv:52,004,0.949398
blog_content_cleaned.csv:52,000,0.050602
blog_content_cleaned.csv:87,000,0.721513
blog_content_cleaned.csv:87,005,0.190105
blog_content_cleaned.csv:87,001,0.088382
blog_content_cleaned.csv:122,004,0.468754
blog_content_cleaned.csv:122,001,0.415673
blog_content_cleaned.csv:122,002,0.115573
blog_content_cleaned.csv:157,003,0.559282
blog_content_cleaned.csv:157,001,0.231629
blog_content_cleaned.csv:157,005,0.209089
blog_content_cleaned.csv:222,000,0.894214
blog_content_cleaned.csv:222,005,0.105786
blog_content_cleaned.csv:257,003,0.754732
blog_content_cleaned.csv:257,004,0.143614
blog_content_cleaned.csv:257,005,0.101654
blog_content_cleaned.csv:292,003,0.706881
blog_content_cleaned.csv:292,002,0.242898
blog_content_cleaned.csv:292,001,0.050222
blog_content_cleaned.csv:327,003,0.569639
blog_content_cleaned.csv:327,001,0.281794
blog_content_cleaned.csv:327,000,0.148567
blog_content_cleaned.csv:362,000,0.785715
blog_content_cleaned.csv:362,005,0.214285
blog_content_cleaned.csv:16,001,0.354078
blog_content_cleaned.csv:16,005,0.339777
blog_content_cleaned.csv:16,002,0.306145
blog_content_cleaned.csv:51,003,0.780753
blog_content_cleaned.csv:51,004,0.130972
blog_content_cleaned.csv:51,005,0.075374
blog_content_cleaned.csv:51,000,0.012901
blog_content_cleaned.csv:86,000,0.79036
blog_content_cleaned.csv:86,003,0.20964
blog_content_cleaned.csv:121,003,0.702964
blog_content_cleaned.csv:121,004,0.297036
blog_content_cleaned.csv:156,005,0.456139
blog_content_cleaned.csv:156,004,0.331607
blog_content_cleaned.csv:156,002,0.212254
blog_content_cleaned.csv:221,000,0.324107
blog_content_cleaned.csv:221,005,0.202171
blog_content_cleaned.csv:221,003,0.187412
blog_content_cleaned.csv:221,004,0.160089
blog_content_cleaned.csv:221,001,0.126221
blog_content_cleaned.csv:256,002,0.497014
blog_content_cleaned.csv:256,005,0.45183
blog_content_cleaned.csv:256,000,0.051156
blog_content_cleaned.csv:291,003,0.559912
blog_content_cleaned.csv:291,004,0.440088
blog_content_cleaned.csv:326,002,0.793258
blog_content_cleaned.csv:326,004,0.206742
blog_content_cleaned.csv:361,003,0.94303
blog_content_cleaned.csv:361,000,0.05697
blog_content_cleaned.csv:22,004,0.933488
blog_content_cleaned.csv:22,000,0.066512
blog_content_cleaned.csv:57,001,0.590715
blog_content_cleaned.csv:57,000,0.409285
blog_content_cleaned.csv:92,002,0.844335
blog_content_cleaned.csv:92,005,0.155666
blog_content_cleaned.csv:127,003,0.75558
blog_content_cleaned.csv:127,004,0.212309
blog_content_cleaned.csv:127,001,0.032111
blog_content_cleaned.csv:162,002,0.880199
blog_content_cleaned.csv:162,001,0.119801
blog_content_cleaned.csv:192,001,0.758524
blog_content_cleaned.csv:192,000,0.196603
blog_content_cleaned.csv:192,005,0.044873
blog_content_cleaned.csv:227,003,1.0
blog_content_cleaned.csv:262,001,0.518579
blog_content_cleaned.csv:262,004,0.424778
blog_content_cleaned.csv:262,000,0.056642
blog_content_cleaned.csv:297,000,0.898333
blog_content_cleaned.csv:297,004,0.101667
blog_content_cleaned.csv:332,000,0.980235
blog_content_cleaned.csv:332,004,0.019765
blog_content_cleaned.csv:367,000,0.478414
blog_content_cleaned.csv:367,002,0.291395
blog_content_cleaned.csv:367,003,0.173576
blog_content_cleaned.csv:367,004,0.056616
blog_content_cleaned.csv:1,005,1.0
blog_content_cleaned.csv:36,001,0.541507
blog_content_cleaned.csv:36,003,0.20771
blog_content_cleaned.csv:36,000,0.183594
blog_content_cleaned.csv:36,002,0.067189
blog_content_cleaned.csv:71,001,0.581407
blog_content_cleaned.csv:71,005,0.323507
blog_content_cleaned.csv:71,002,0.095086
blog_content_cleaned.csv:106,004,0.482793
blog_content_cleaned.csv:106,005,0.331254
blog_content_cleaned.csv:106,001,0.127856
blog_content_cleaned.csv:106,002,0.058097
blog_content_cleaned.csv:141,004,0.816845
blog_content_cleaned.csv:141,000,0.167567
blog_content_cleaned.csv:141,003,0.015588
blog_content_cleaned.csv:176,000,0.695027
blog_content_cleaned.csv:176,001,0.206384
blog_content_cleaned.csv:176,004,0.098589
blog_content_cleaned.csv:206,004,0.842895
blog_content_cleaned.csv:206,001,0.157105
blog_content_cleaned.csv:241,005,0.612432
blog_content_cleaned.csv:241,002,0.356442
blog_content_cleaned.csv:241,001,0.031126
blog_content_cleaned.csv:276,005,0.537773
blog_content_cleaned.csv:276,000,0.339718
blog_content_cleaned.csv:276,001,0.076011
blog_content_cleaned.csv:276,004,0.046497
blog_content_cleaned.csv:311,002,0.990132
blog_content_cleaned.csv:311,005,0.009868
blog_content_cleaned.csv:346,000,0.812206
blog_content_cleaned.csv:346,004,0.161673
blog_content_cleaned.csv:346,003,0.026122
blog_content_cleaned.csv:381,000,0.659866
blog_content_cleaned.csv:381,002,0.340134
blog_content_cleaned.csv:2,004,0.607024
blog_content_cleaned.csv:2,001,0.392976
blog_content_cleaned.csv:37,001,0.996806
blog_content_cleaned.csv:37,000,0.003194
blog_content_cleaned.csv:72,002,0.748993
blog_content_cleaned.csv:72,000,0.251007
blog_content_cleaned.csv:107,003,0.354099
blog_content_cleaned.csv:107,004,0.353079
blog_content_cleaned.csv:107,000,0.209173
blog_content_cleaned.csv:107,005,0.083649
blog_content_cleaned.csv:142,000,0.543335
blog_content_cleaned.csv:142,005,0.396819
blog_content_cleaned.csv:142,002,0.059846
blog_content_cleaned.csv:177,004,0.974161
blog_content_cleaned.csv:177,000,0.025839
blog_content_cleaned.csv:207,000,0.620658
blog_content_cleaned.csv:207,002,0.379342
blog_content_cleaned.csv:242,003,0.904709
blog_content_cleaned.csv:242,001,0.083343
blog_content_cleaned.csv:242,000,0.011948
blog_content_cleaned.csv:277,002,0.404177
blog_content_cleaned.csv:277,001,0.335457
blog_content_cleaned.csv:277,003,0.175696
blog_content_cleaned.csv:277,005,0.08467
blog_content_cleaned.csv:312,003,0.995208
blog_content_cleaned.csv:312,000,0.004792
blog_content_cleaned.csv:347,003,0.990207
blog_content_cleaned.csv:347,001,0.009793
blog_content_cleaned.csv:382,000,0.677565
blog_content_cleaned.csv:382,002,0.225826
blog_content_cleaned.csv:382,005,0.096609
blog_content_cleaned.csv:8,000,0.83143
blog_content_cleaned.csv:8,003,0.16857
blog_content_cleaned.csv:43,000,0.555807
blog_content_cleaned.csv:43,005,0.415587
blog_content_cleaned.csv:43,002,0.028606
blog_content_cleaned.csv:78,003,0.842263
blog_content_cleaned.csv:78,004,0.142101
blog_content_cleaned.csv:78,002,0.015635
blog_content_cleaned.csv:113,001,0.753627
blog_content_cleaned.csv:113,003,0.141455
blog_content_cleaned.csv:113,000,0.104919
blog_content_cleaned.csv:148,004,0.552574
blog_content_cleaned.csv:148,000,0.283634
blog_content_cleaned.csv:148,001,0.089422
blog_content_cleaned.csv:148,003,0.07437
blog_content_cleaned.csv:183,001,0.438538
blog_content_cleaned.csv:183,004,0.429239
blog_content_cleaned.csv:183,003,0.132223
blog_content_cleaned.csv:213,003,0.719151
blog_content_cleaned.csv:213,004,0.275924
blog_content_cleaned.csv:213,002,0.004925
blog_content_cleaned.csv:248,001,0.627141
blog_content_cleaned.csv:248,002,0.264268
blog_content_cleaned.csv:248,003,0.108591
blog_content_cleaned.csv:283,001,0.919269
blog_content_cleaned.csv:283,005,0.080731
blog_content_cleaned.csv:318,002,0.45661
blog_content_cleaned.csv:318,000,0.291436
blog_content_cleaned.csv:318,001,0.193486
blog_content_cleaned.csv:318,003,0.058468
blog_content_cleaned.csv:353,001,0.908697
blog_content_cleaned.csv:353,005,0.068824
blog_content_cleaned.csv:353,000,0.022479
blog_content_cleaned.csv:388,004,0.996029
blog_content_cleaned.csv:388,002,0.003971
blog_content_cleaned.csv:34,000,0.327997
blog_content_cleaned.csv:34,001,0.299267
blog_content_cleaned.csv:34,005,0.275475
blog_content_cleaned.csv:34,002,0.09726
blog_content_cleaned.csv:69,002,0.935609
blog_content_cleaned.csv:69,000,0.064391
blog_content_cleaned.csv:104,003,0.936501
blog_content_cleaned.csv:104,000,0.063499
blog_content_cleaned.csv:139,003,0.647465
blog_content_cleaned.csv:139,004,0.352535
blog_content_cleaned.csv:174,001,0.978333
blog_content_cleaned.csv:174,000,0.021667
blog_content_cleaned.csv:204,005,0.401983
blog_content_cleaned.csv:204,004,0.338211
blog_content_cleaned.csv:204,001,0.218074
blog_content_cleaned.csv:204,002,0.041732
blog_content_cleaned.csv:239,002,1.0
blog_content_cleaned.csv:274,001,0.547752
blog_content_cleaned.csv:274,005,0.370478
blog_content_cleaned.csv:274,003,0.08177
blog_content_cleaned.csv:309,003,0.726598
blog_content_cleaned.csv:309,005,0.202368
blog_content_cleaned.csv:309,002,0.071034
blog_content_cleaned.csv:344,003,0.9004
blog_content_cleaned.csv:344,000,0.0996
blog_content_cleaned.csv:379,005,0.355329
blog_content_cleaned.csv:379,000,0.329092
blog_content_cleaned.csv:379,004,0.315579
blog_content_cleaned.csv:31,005,0.559166
blog_content_cleaned.csv:31,002,0.324269
blog_content_cleaned.csv:31,004,0.094763
blog_content_cleaned.csv:31,000,0.021802
blog_content_cleaned.csv:66,005,0.960769
blog_content_cleaned.csv:66,000,0.032759
blog_content_cleaned.csv:66,002,0.006472
blog_content_cleaned.csv:101,000,0.860359
blog_content_cleaned.csv:101,001,0.139641
blog_content_cleaned.csv:136,001,0.74934
blog_content_cleaned.csv:136,000,0.25066
blog_content_cleaned.csv:171,003,0.833111
blog_content_cleaned.csv:171,000,0.121704
blog_content_cleaned.csv:171,001,0.045185
blog_content_cleaned.csv:201,003,0.553296
blog_content_cleaned.csv:201,004,0.252305
blog_content_cleaned.csv:201,001,0.194399
blog_content_cleaned.csv:236,003,0.383158
blog_content_cleaned.csv:236,002,0.287637
blog_content_cleaned.csv:236,001,0.171405
blog_content_cleaned.csv:236,005,0.102058
blog_content_cleaned.csv:236,000,0.055741
blog_content_cleaned.csv:271,001,0.603499
blog_content_cleaned.csv:271,003,0.316594
blog_content_cleaned.csv:271,004,0.079908
blog_content_cleaned.csv:306,003,0.710164
blog_content_cleaned.csv:306,001,0.147814
blog_content_cleaned.csv:306,005,0.142023
blog_content_cleaned.csv:341,003,1.0
blog_content_cleaned.csv:376,000,0.528847
blog_content_cleaned.csv:376,004,0.359822
blog_content_cleaned.csv:376,005,0.111331
blog_content_cleaned.csv:23,004,0.51613
blog_content_cleaned.csv:23,003,0.323177
blog_content_cleaned.csv:23,001,0.10285
blog_content_cleaned.csv:23,005,0.057843
blog_content_cleaned.csv:58,004,0.944455
blog_content_cleaned.csv:58,001,0.055545
blog_content_cleaned.csv:93,002,0.656567
blog_content_cleaned.csv:93,005,0.172555
blog_content_cleaned.csv:93,004,0.170878
blog_content_cleaned.csv:128,001,0.466786
blog_content_cleaned.csv:128,003,0.391152
blog_content_cleaned.csv:128,000,0.142062
blog_content_cleaned.csv:163,003,0.551369
blog_content_cleaned.csv:163,000,0.448631
blog_content_cleaned.csv:193,000,0.941697
blog_content_cleaned.csv:193,004,0.058303
blog_content_cleaned.csv:228,002,0.689557
blog_content_cleaned.csv:228,005,0.178795
blog_content_cleaned.csv:228,004,0.131647
blog_content_cleaned.csv:263,003,0.993403
blog_content_cleaned.csv:263,004,0.006597
blog_content_cleaned.csv:298,000,0.746069
blog_content_cleaned.csv:298,005,0.198722
blog_content_cleaned.csv:298,001,0.055209
blog_content_cleaned.csv:333,000,0.552024
blog_content_cleaned.csv:333,004,0.370181
blog_content_cleaned.csv:333,002,0.077795
blog_content_cleaned.csv:368,002,0.640762
blog_content_cleaned.csv:368,001,0.257132
blog_content_cleaned.csv:368,003,0.102106
blog_content_cleaned.csv:11,003,0.563352
blog_content_cleaned.csv:11,002,0.282195
blog_content_cleaned.csv:11,001,0.154453
blog_content_cleaned.csv:46,005,0.486833
blog_content_cleaned.csv:46,001,0.406109
blog_content_cleaned.csv:46,002,0.107058
blog_content_cleaned.csv:81,003,0.411164
blog_content_cleaned.csv:81,002,0.312879
blog_content_cleaned.csv:81,005,0.211854
blog_content_cleaned.csv:81,000,0.064104
blog_content_cleaned.csv:116,002,0.394585
blog_content_cleaned.csv:116,004,0.284439
blog_content_cleaned.csv:116,005,0.246307
blog_content_cleaned.csv:116,001,0.074669
blog_content_cleaned.csv:151,002,0.574452
blog_content_cleaned.csv:151,005,0.207287
blog_content_cleaned.csv:151,004,0.106254
blog_content_cleaned.csv:151,001,0.078557
blog_content_cleaned.csv:151,003,0.03345
blog_content_cleaned.csv:186,003,0.509784
blog_content_cleaned.csv:186,004,0.229887
blog_content_cleaned.csv:186,001,0.19172
blog_content_cleaned.csv:186,005,0.068609
blog_content_cleaned.csv:216,002,0.701186
blog_content_cleaned.csv:216,005,0.298813
blog_content_cleaned.csv:251,004,0.86829
blog_content_cleaned.csv:251,001,0.13171
blog_content_cleaned.csv:286,005,0.834356
blog_content_cleaned.csv:286,003,0.088398
blog_content_cleaned.csv:286,004,0.077246
blog_content_cleaned.csv:321,000,0.980552
blog_content_cleaned.csv:321,004,0.019448
blog_content_cleaned.csv:356,001,0.791809
blog_content_cleaned.csv:356,003,0.205584
blog_content_cleaned.csv:356,005,0.002608
blog_content_cleaned.csv:391,004,0.699764
blog_content_cleaned.csv:391,003,0.300236
blog_content_cleaned.csv:28,001,0.785859
blog_content_cleaned.csv:28,004,0.209706
blog_content_cleaned.csv:28,005,0.004436
blog_content_cleaned.csv:63,005,0.381334
blog_content_cleaned.csv:63,000,0.21715
blog_content_cleaned.csv:63,003,0.216446
blog_content_cleaned.csv:63,004,0.185071
blog_content_cleaned.csv:98,002,0.404702
blog_content_cleaned.csv:98,000,0.331031
blog_content_cleaned.csv:98,005,0.148204
blog_content_cleaned.csv:98,004,0.116063
blog_content_cleaned.csv:133,002,0.437239
blog_content_cleaned.csv:133,005,0.413749
blog_content_cleaned.csv:133,004,0.149012
blog_content_cleaned.csv:168,001,0.544346
blog_content_cleaned.csv:168,004,0.389708
blog_content_cleaned.csv:168,003,0.065946
blog_content_cleaned.csv:198,001,0.444453
blog_content_cleaned.csv:198,002,0.307383
blog_content_cleaned.csv:198,000,0.248164
blog_content_cleaned.csv:233,002,0.864259
blog_content_cleaned.csv:233,004,0.135742
blog_content_cleaned.csv:268,001,0.668783
blog_content_cleaned.csv:268,005,0.145557
blog_content_cleaned.csv:268,000,0.093135
blog_content_cleaned.csv:268,003,0.092524
blog_content_cleaned.csv:303,001,0.95381
blog_content_cleaned.csv:303,003,0.04619
blog_content_cleaned.csv:338,004,0.411736
blog_content_cleaned.csv:338,000,0.3602
blog_content_cleaned.csv:338,005,0.228064
blog_content_cleaned.csv:373,003,0.685679
blog_content_cleaned.csv:373,005,0.19951
blog_content_cleaned.csv:373,001,0.114811
blog_content_cleaned.csv:6,005,0.462512
blog_content_cleaned.csv:6,001,0.300142
blog_content_cleaned.csv:6,002,0.237346
blog_content_cleaned.csv:41,002,0.731597
blog_content_cleaned.csv:41,004,0.228722
blog_content_cleaned.csv:41,000,0.039681
blog_content_cleaned.csv:76,000,0.900243
blog_content_cleaned.csv:76,004,0.094463
blog_content_cleaned.csv:76,001,0.005295
blog_content_cleaned.csv:111,004,0.578845
blog_content_cleaned.csv:111,001,0.358769
blog_content_cleaned.csv:111,000,0.062386
blog_content_cleaned.csv:146,001,0.494347
blog_content_cleaned.csv:146,004,0.364783
blog_content_cleaned.csv:146,002,0.14087
blog_content_cleaned.csv:181,003,0.777064
blog_content_cleaned.csv:181,005,0.130867
blog_content_cleaned.csv:181,004,0.080081
blog_content_cleaned.csv:181,000,0.011988
blog_content_cleaned.csv:211,000,0.568742
blog_content_cleaned.csv:211,002,0.431258
blog_content_cleaned.csv:246,002,0.524491
blog_content_cleaned.csv:246,003,0.29031
blog_content_cleaned.csv:246,004,0.185199
blog_content_cleaned.csv:281,003,0.774524
blog_content_cleaned.csv:281,004,0.207792
blog_content_cleaned.csv:281,001,0.017684
blog_content_cleaned.csv:316,001,0.686364
blog_content_cleaned.csv:316,003,0.149364
blog_content_cleaned.csv:316,005,0.111376
blog_content_cleaned.csv:316,004,0.052897
blog_content_cleaned.csv:351,000,0.627359
blog_content_cleaned.csv:351,005,0.372641
blog_content_cleaned.csv:386,001,0.699362
blog_content_cleaned.csv:386,005,0.261604
blog_content_cleaned.csv:386,004,0.039034
blog_content_cleaned.csv:13,002,0.767633
blog_content_cleaned.csv:13,005,0.178177
blog_content_cleaned.csv:13,000,0.054191
blog_content_cleaned.csv:48,001,0.58402
blog_content_cleaned.csv:48,002,0.338156
blog_content_cleaned.csv:48,003,0.077824
blog_content_cleaned.csv:83,001,0.550996
blog_content_cleaned.csv:83,002,0.252777
blog_content_cleaned.csv:83,005,0.196227
blog_content_cleaned.csv:118,003,0.913914
blog_content_cleaned.csv:118,002,0.063886
blog_content_cleaned.csv:118,001,0.0222
blog_content_cleaned.csv:153,002,0.504192
blog_content_cleaned.csv:153,001,0.39285
blog_content_cleaned.csv:153,004,0.102958
blog_content_cleaned.csv:188,001,0.527256
blog_content_cleaned.csv:188,003,0.286409
blog_content_cleaned.csv:188,000,0.186335
blog_content_cleaned.csv:218,002,0.780249
blog_content_cleaned.csv:218,004,0.150346
blog_content_cleaned.csv:218,005,0.069405
blog_content_cleaned.csv:253,004,0.521509
blog_content_cleaned.csv:253,000,0.321035
blog_content_cleaned.csv:253,003,0.157456
blog_content_cleaned.csv:288,002,0.574819
blog_content_cleaned.csv:288,003,0.254476
blog_content_cleaned.csv:288,004,0.170704
blog_content_cleaned.csv:323,000,0.712409
blog_content_cleaned.csv:323,002,0.211535
blog_content_cleaned.csv:323,004,0.076056
blog_content_cleaned.csv:358,001,0.809678
blog_content_cleaned.csv:358,003,0.190322
blog_content_cleaned.csv:27,002,0.736323
blog_content_cleaned.csv:27,000,0.192777
blog_content_cleaned.csv:27,005,0.0709
blog_content_cleaned.csv:62,004,0.848296
blog_content_cleaned.csv:62,001,0.151704
blog_content_cleaned.csv:97,003,0.546927
blog_content_cleaned.csv:97,002,0.426207
blog_content_cleaned.csv:97,005,0.026866
blog_content_cleaned.csv:132,000,0.956079
blog_content_cleaned.csv:132,001,0.043921
blog_content_cleaned.csv:167,000,0.67359
blog_content_cleaned.csv:167,002,0.205062
blog_content_cleaned.csv:167,001,0.121347
blog_content_cleaned.csv:197,004,0.80736
blog_content_cleaned.csv:197,005,0.184985
blog_content_cleaned.csv:197,000,0.007655
blog_content_cleaned.csv:232,001,0.964265
blog_content_cleaned.csv:232,000,0.035735
blog_content_cleaned.csv:267,003,0.68891
blog_content_cleaned.csv:267,004,0.193756
blog_content_cleaned.csv:267,001,0.080286
blog_content_cleaned.csv:267,000,0.037047
blog_content_cleaned.csv:302,001,0.682956
blog_content_cleaned.csv:302,004,0.265371
blog_content_cleaned.csv:302,000,0.032089
blog_content_cleaned.csv:302,003,0.019585
blog_content_cleaned.csv:337,002,0.671582
blog_content_cleaned.csv:337,005,0.275284
blog_content_cleaned.csv:337,000,0.053133
blog_content_cleaned.csv:372,002,0.324583
blog_content_cleaned.csv:372,000,0.252735
blog_content_cleaned.csv:372,004,0.224629
blog_content_cleaned.csv:372,003,0.112579
blog_content_cleaned.csv:372,001,0.085474
blog_content_cleaned.csv:4,003,0.969716
blog_content_cleaned.csv:4,004,0.030284
blog_content_cleaned.csv:39,001,0.577701
blog_content_cleaned.csv:39,005,0.422299
blog_content_cleaned.csv:74,001,0.947637
blog_content_cleaned.csv:74,002,0.052363
blog_content_cleaned.csv:109,000,0.494629
blog_content_cleaned.csv:109,001,0.259565
blog_content_cleaned.csv:109,003,0.245807
blog_content_cleaned.csv:144,003,0.463001
blog_content_cleaned.csv:144,004,0.33103
blog_content_cleaned.csv:144,001,0.205968
blog_content_cleaned.csv:179,000,0.363299
blog_content_cleaned.csv:179,001,0.250875
blog_content_cleaned.csv:179,002,0.20829
blog_content_cleaned.csv:179,005,0.177537
blog_content_cleaned.csv:209,003,0.829149
blog_content_cleaned.csv:209,004,0.156444
blog_content_cleaned.csv:209,005,0.014407
blog_content_cleaned.csv:244,002,0.544287
blog_content_cleaned.csv:244,000,0.455713
blog_content_cleaned.csv:279,001,0.570616
blog_content_cleaned.csv:279,003,0.321046
blog_content_cleaned.csv:279,004,0.108338
blog_content_cleaned.csv:314,005,0.757896
blog_content_cleaned.csv:314,003,0.242104
blog_content_cleaned.csv:349,001,0.683571
blog_content_cleaned.csv:349,003,0.316429
blog_content_cleaned.csv:384,001,0.853954
blog_content_cleaned.csv:384,005,0.146046
blog_content_cleaned.csv:10,001,0.261312
blog_content_cleaned.csv:10,000,0.248562
blog_content_cleaned.csv:10,004,0.213954
blog_content_cleaned.csv:10,003,0.21026
blog_content_cleaned.csv:10,002,0.065913
blog_content_cleaned.csv:45,001,0.516575
blog_content_cleaned.csv:45,005,0.369543
blog_content_cleaned.csv:45,000,0.113882
blog_content_cleaned.csv:80,000,0.517091
blog_content_cleaned.csv:80,004,0.330176
blog_content_cleaned.csv:80,002,0.080583
blog_content_cleaned.csv:80,001,0.07215
blog_content_cleaned.csv:115,000,0.537758
blog_content_cleaned.csv:115,005,0.462242
blog_content_cleaned.csv:150,004,0.876917
blog_content_cleaned.csv:150,005,0.123084
blog_content_cleaned.csv:185,001,0.926211
blog_content_cleaned.csv:185,003,0.073789
blog_content_cleaned.csv:215,001,1.0
blog_content_cleaned.csv:250,005,0.839004
blog_content_cleaned.csv:250,001,0.138388
blog_content_cleaned.csv:250,000,0.022608
blog_content_cleaned.csv:285,004,0.387287
blog_content_cleaned.csv:285,001,0.330913
blog_content_cleaned.csv:285,000,0.281801
blog_content_cleaned.csv:320,000,0.847353
blog_content_cleaned.csv:320,001,0.102742
blog_content_cleaned.csv:320,005,0.049905
blog_content_cleaned.csv:355,003,0.790252
blog_content_cleaned.csv:355,004,0.209748
blog_content_cleaned.csv:390,004,0.482911
blog_content_cleaned.csv:390,002,0.470957
blog_content_cleaned.csv:390,001,0.046133
blog_content_cleaned.csv:3,003,0.433371
blog_content_cleaned.csv:3,002,0.38648
blog_content_cleaned.csv:3,001,0.180149
blog_content_cleaned.csv:38,003,0.418237
blog_content_cleaned.csv:38,004,0.409824
blog_content_cleaned.csv:38,000,0.139066
blog_content_cleaned.csv:38,001,0.032873
blog_content_cleaned.csv:73,000,0.485886
blog_content_cleaned.csv:73,005,0.450656
blog_content_cleaned.csv:73,001,0.063458
blog_content_cleaned.csv:108,001,0.794346
blog_content_cleaned.csv:108,005,0.14218
blog_content_cleaned.csv:108,003,0.063474
blog_content_cleaned.csv:143,001,0.597125
blog_content_cleaned.csv:143,000,0.272441
blog_content_cleaned.csv:143,005,0.130434
blog_content_cleaned.csv:178,000,0.403496
blog_content_cleaned.csv:178,005,0.34906
blog_content_cleaned.csv:178,001,0.205205
blog_content_cleaned.csv:178,003,0.042239
blog_content_cleaned.csv:208,004,0.541672
blog_content_cleaned.csv:208,001,0.458328
blog_content_cleaned.csv:243,000,0.6682
blog_content_cleaned.csv:243,002,0.3318
blog_content_cleaned.csv:278,003,0.894659
blog_content_cleaned.csv:278,000,0.105341
blog_content_cleaned.csv:313,000,0.992736
blog_content_cleaned.csv:313,004,0.007264
blog_content_cleaned.csv:348,004,0.699599
blog_content_cleaned.csv:348,000,0.300401
blog_content_cleaned.csv:383,001,0.719192
blog_content_cleaned.csv:383,005,0.166058
blog_content_cleaned.csv:383,000,0.11475
blog_content_cleaned.csv:21,005,0.797002
blog_content_cleaned.csv:21,001,0.202998
blog_content_cleaned.csv:56,001,0.525342
blog_content_cleaned.csv:56,005,0.408345
blog_content_cleaned.csv:56,003,0.066313
blog_content_cleaned.csv:91,000,0.503786
blog_content_cleaned.csv:91,005,0.282894
blog_content_cleaned.csv:91,002,0.21332
blog_content_cleaned.csv:126,000,0.661357
blog_content_cleaned.csv:126,002,0.194276
blog_content_cleaned.csv:126,003,0.090045
blog_content_cleaned.csv:126,001,0.054322
blog_content_cleaned.csv:161,001,0.62868
blog_content_cleaned.csv:161,000,0.219093
blog_content_cleaned.csv:161,004,0.079383
blog_content_cleaned.csv:161,005,0.072844
blog_content_cleaned.csv:191,002,0.922128
blog_content_cleaned.csv:191,004,0.044784
blog_content_cleaned.csv:191,001,0.033088
blog_content_cleaned.csv:226,001,0.662216
blog_content_cleaned.csv:226,003,0.337784
blog_content_cleaned.csv:261,001,0.583092
blog_content_cleaned.csv:261,003,0.379362
blog_content_cleaned.csv:261,005,0.037547
blog_content_cleaned.csv:296,003,0.805811
blog_content_cleaned.csv:296,005,0.100662
blog_content_cleaned.csv:296,001,0.063501
blog_content_cleaned.csv:296,002,0.030026
blog_content_cleaned.csv:331,002,0.894497
blog_content_cleaned.csv:331,000,0.105503
blog_content_cleaned.csv:366,004,0.870861
blog_content_cleaned.csv:366,005,0.129139
blog_content_cleaned.csv:29,000,0.500949
blog_content_cleaned.csv:29,005,0.427092
blog_content_cleaned.csv:29,001,0.044148
blog_content_cleaned.csv:29,004,0.027811
blog_content_cleaned.csv:64,003,0.517778
blog_content_cleaned.csv:64,005,0.250468
blog_content_cleaned.csv:64,001,0.231755
blog_content_cleaned.csv:99,001,0.856279
blog_content_cleaned.csv:99,003,0.143721
blog_content_cleaned.csv:134,003,0.838169
blog_content_cleaned.csv:134,001,0.161831
blog_content_cleaned.csv:169,003,0.442998
blog_content_cleaned.csv:169,005,0.308265
blog_content_cleaned.csv:169,001,0.142672
blog_content_cleaned.csv:169,004,0.098505
blog_content_cleaned.csv:169,002,0.007561
blog_content_cleaned.csv:199,001,0.918123
blog_content_cleaned.csv:199,003,0.081877
blog_content_cleaned.csv:234,001,0.678482
blog_content_cleaned.csv:234,000,0.256936
blog_content_cleaned.csv:234,004,0.064582
blog_content_cleaned.csv:269,003,1.0
blog_content_cleaned.csv:304,000,0.884759
blog_content_cleaned.csv:304,003,0.115241
blog_content_cleaned.csv:339,004,0.593371
blog_content_cleaned.csv:339,001,0.39005
blog_content_cleaned.csv:339,000,0.016578
blog_content_cleaned.csv:374,002,0.989294
blog_content_cleaned.csv:374,000,0.010706
blog_content_cleaned.csv:18,001,0.903308
blog_content_cleaned.csv:18,000,0.096692
blog_content_cleaned.csv:53,001,0.650474
blog_content_cleaned.csv:53,004,0.222411
blog_content_cleaned.csv:53,005,0.111598
blog_content_cleaned.csv:53,000,0.015518
blog_content_cleaned.csv:88,002,0.875232
blog_content_cleaned.csv:88,004,0.124768
blog_content_cleaned.csv:123,004,0.949902
blog_content_cleaned.csv:123,000,0.050098
blog_content_cleaned.csv:158,005,0.563189
blog_content_cleaned.csv:158,002,0.272418
blog_content_cleaned.csv:158,004,0.164393
blog_content_cleaned.csv:223,001,0.486778
blog_content_cleaned.csv:223,005,0.295558
blog_content_cleaned.csv:223,004,0.16543
blog_content_cleaned.csv:223,003,0.052233
blog_content_cleaned.csv:258,002,0.829212
blog_content_cleaned.csv:258,003,0.094502
blog_content_cleaned.csv:258,000,0.076286
blog_content_cleaned.csv:293,004,0.605587
blog_content_cleaned.csv:293,003,0.201632
blog_content_cleaned.csv:293,000,0.192781
blog_content_cleaned.csv:328,000,0.899711
blog_content_cleaned.csv:328,004,0.072247
blog_content_cleaned.csv:328,001,0.028042
blog_content_cleaned.csv:363,003,0.636322
blog_content_cleaned.csv:363,002,0.195073
blog_content_cleaned.csv:363,001,0.168605
blog_content_cleaned.csv:30,004,0.639165
blog_content_cleaned.csv:30,000,0.330517
blog_content_cleaned.csv:30,001,0.030318
blog_content_cleaned.csv:65,005,0.350246
blog_content_cleaned.csv:65,002,0.302922
blog_content_cleaned.csv:65,004,0.213367
blog_content_cleaned.csv:65,000,0.133465
blog_content_cleaned.csv:100,005,0.532331
blog_content_cleaned.csv:100,000,0.255349
blog_content_cleaned.csv:100,003,0.117333
blog_content_cleaned.csv:100,004,0.094986
blog_content_cleaned.csv:135,003,0.799687
blog_content_cleaned.csv:135,005,0.196024
blog_content_cleaned.csv:135,004,0.004289
blog_content_cleaned.csv:170,001,0.778483
blog_content_cleaned.csv:170,000,0.221517
blog_content_cleaned.csv:200,003,0.96015
blog_content_cleaned.csv:200,004,0.029047
blog_content_cleaned.csv:200,001,0.010803
blog_content_cleaned.csv:235,001,0.823118
blog_content_cleaned.csv:235,003,0.176882
blog_content_cleaned.csv:270,002,0.771072
blog_content_cleaned.csv:270,004,0.133895
blog_content_cleaned.csv:270,000,0.095032
blog_content_cleaned.csv:305,001,0.555694
blog_content_cleaned.csv:305,003,0.397254
blog_content_cleaned.csv:305,005,0.047053
blog_content_cleaned.csv:340,000,0.60885
blog_content_cleaned.csv:340,005,0.231309
blog_content_cleaned.csv:340,003,0.159841
blog_content_cleaned.csv:375,002,0.556091
blog_content_cleaned.csv:375,000,0.443909
blog_content_cleaned.csv:32,000,0.631591
blog_content_cleaned.csv:32,005,0.269096
blog_content_cleaned.csv:32,004,0.099313
blog_content_cleaned.csv:67,002,0.399496
blog_content_cleaned.csv:67,004,0.201257
blog_content_cleaned.csv:67,000,0.16163
blog_content_cleaned.csv:67,005,0.126043
blog_content_cleaned.csv:67,001,0.111574
blog_content_cleaned.csv:102,004,0.545123
blog_content_cleaned.csv:102,000,0.313015
blog_content_cleaned.csv:102,005,0.141861
blog_content_cleaned.csv:137,002,0.576241
blog_content_cleaned.csv:137,005,0.396656
blog_content_cleaned.csv:137,004,0.027104
blog_content_cleaned.csv:172,003,0.649137
blog_content_cleaned.csv:172,004,0.242329
blog_content_cleaned.csv:172,001,0.108534
blog_content_cleaned.csv:202,003,0.407898
blog_content_cleaned.csv:202,005,0.263815
blog_content_cleaned.csv:202,004,0.191364
blog_content_cleaned.csv:202,001,0.136922
blog_content_cleaned.csv:237,000,0.452037
blog_content_cleaned.csv:237,004,0.38223
blog_content_cleaned.csv:237,002,0.165733
blog_content_cleaned.csv:272,005,0.621093
blog_content_cleaned.csv:272,000,0.259244
blog_content_cleaned.csv:272,002,0.119663
blog_content_cleaned.csv:307,000,0.524551
blog_content_cleaned.csv:307,004,0.426712
blog_content_cleaned.csv:307,003,0.048737
blog_content_cleaned.csv:342,001,0.537774
blog_content_cleaned.csv:342,000,0.462226
blog_content_cleaned.csv:377,005,0.484707
blog_content_cleaned.csv:377,001,0.277493
blog_content_cleaned.csv:377,003,0.2378
blog_content_cleaned.csv:33,003,0.893503
blog_content_cleaned.csv:33,004,0.074276
blog_content_cleaned.csv:33,005,0.032221
blog_content_cleaned.csv:68,001,1.0
blog_content_cleaned.csv:103,001,0.461705
blog_content_cleaned.csv:103,004,0.424991
blog_content_cleaned.csv:103,002,0.113304
blog_content_cleaned.csv:138,001,0.541045
blog_content_cleaned.csv:138,004,0.192748
blog_content_cleaned.csv:138,005,0.186006
blog_content_cleaned.csv:138,003,0.080202
blog_content_cleaned.csv:173,000,1.0
blog_content_cleaned.csv:203,004,0.435102
blog_content_cleaned.csv:203,001,0.22282
blog_content_cleaned.csv:203,005,0.198972
blog_content_cleaned.csv:203,000,0.143106
blog_content_cleaned.csv:238,001,1.0
blog_content_cleaned.csv:273,001,0.53195
blog_content_cleaned.csv:273,000,0.46805
blog_content_cleaned.csv:308,003,0.940848
blog_content_cleaned.csv:308,001,0.059152
blog_content_cleaned.csv:343,000,0.728938
blog_content_cleaned.csv:343,001,0.271062
blog_content_cleaned.csv:378,002,0.527212
blog_content_cleaned.csv:378,000,0.386697
blog_content_cleaned.csv:378,003,0.086092
blog_content_cleaned.csv:0,001,0.508662
blog_content_cleaned.csv:0,004,0.416613
blog_content_cleaned.csv:0,005,0.062763
blog_content_cleaned.csv:0,003,0.011962
blog_content_cleaned.csv:35,002,0.41857
blog_content_cleaned.csv:35,005,0.388757
blog_content_cleaned.csv:35,004,0.192673
blog_content_cleaned.csv:70,001,0.411831
blog_content_cleaned.csv:70,005,0.271423
blog_content_cleaned.csv:70,000,0.175799
blog_content_cleaned.csv:70,003,0.140946
blog_content_cleaned.csv:105,001,0.811295
blog_content_cleaned.csv:105,003,0.118483
blog_content_cleaned.csv:105,004,0.070222
blog_content_cleaned.csv:140,003,0.955164
blog_content_cleaned.csv:140,004,0.038659
blog_content_cleaned.csv:140,005,0.006177
blog_content_cleaned.csv:175,003,0.836705
blog_content_cleaned.csv:175,001,0.11448
blog_content_cleaned.csv:175,002,0.048816
blog_content_cleaned.csv:205,002,0.439691
blog_content_cleaned.csv:205,003,0.3544
blog_content_cleaned.csv:205,001,0.205909
blog_content_cleaned.csv:240,002,0.556354
blog_content_cleaned.csv:240,004,0.255906
blog_content_cleaned.csv:240,003,0.18774
blog_content_cleaned.csv:275,001,0.656848
blog_content_cleaned.csv:275,000,0.343152
blog_content_cleaned.csv:310,000,0.824908
blog_content_cleaned.csv:310,004,0.09103
blog_content_cleaned.csv:310,003,0.084063
blog_content_cleaned.csv:345,000,0.632027
blog_content_cleaned.csv:345,005,0.362915
blog_content_cleaned.csv:345,001,0.005058
blog_content_cleaned.csv:380,003,0.75598
blog_content_cleaned.csv:380,000,0.164019
blog_content_cleaned.csv:380,005,0.08
blog_content_cleaned.csv:24,004,0.887076
blog_content_cleaned.csv:24,003,0.096468
blog_content_cleaned.csv:24,000,0.016456
blog_content_cleaned.csv:59,001,0.823546
blog_content_cleaned.csv:59,004,0.176454
blog_content_cleaned.csv:94,005,0.532469
blog_content_cleaned.csv:94,000,0.314409
blog_content_cleaned.csv:94,003,0.153122
blog_content_cleaned.csv:129,000,0.433236
blog_content_cleaned.csv:129,005,0.249924
blog_content_cleaned.csv:129,002,0.199849
blog_content_cleaned.csv:129,001,0.116991
blog_content_cleaned.csv:164,004,0.473794
blog_content_cleaned.csv:164,001,0.436008
blog_content_cleaned.csv:164,002,0.090197
blog_content_cleaned.csv:194,003,0.640792
blog_content_cleaned.csv:194,001,0.359208
blog_content_cleaned.csv:229,004,0.425178
blog_content_cleaned.csv:229,002,0.377608
blog_content_cleaned.csv:229,005,0.197214
blog_content_cleaned.csv:264,002,0.478909
blog_content_cleaned.csv:264,004,0.478528
blog_content_cleaned.csv:264,003,0.042562
blog_content_cleaned.csv:299,005,0.350589
blog_content_cleaned.csv:299,003,0.306113
blog_content_cleaned.csv:299,001,0.25038
blog_content_cleaned.csv:299,004,0.092918
blog_content_cleaned.csv:334,000,0.383959
blog_content_cleaned.csv:334,001,0.293302
blog_content_cleaned.csv:334,005,0.207733
blog_content_cleaned.csv:334,002,0.115005
blog_content_cleaned.csv:369,000,0.437566
blog_content_cleaned.csv:369,005,0.345664
blog_content_cleaned.csv:369,004,0.216771
blog_content_cleaned.csv:19,002,0.499387
blog_content_cleaned.csv:19,001,0.251116
blog_content_cleaned.csv:19,005,0.134545
blog_content_cleaned.csv:19,000,0.114952
blog_content_cleaned.csv:54,002,0.747303
blog_content_cleaned.csv:54,005,0.230231
blog_content_cleaned.csv:54,000,0.022465
blog_content_cleaned.csv:89,000,0.766953
blog_content_cleaned.csv:89,004,0.191137
blog_content_cleaned.csv:89,001,0.04191
blog_content_cleaned.csv:124,003,0.888857
blog_content_cleaned.csv:124,001,0.074033
blog_content_cleaned.csv:124,002,0.037111
blog_content_cleaned.csv:159,001,0.630801
blog_content_cleaned.csv:159,004,0.287907
blog_content_cleaned.csv:159,003,0.081292
blog_content_cleaned.csv:224,000,0.548891
blog_content_cleaned.csv:224,002,0.451109
blog_content_cleaned.csv:259,003,0.945987
blog_content_cleaned.csv:259,001,0.054013
blog_content_cleaned.csv:294,005,0.524181
blog_content_cleaned.csv:294,001,0.461151
blog_content_cleaned.csv:294,000,0.014668
blog_content_cleaned.csv:329,002,0.68224
blog_content_cleaned.csv:329,004,0.229873
blog_content_cleaned.csv:329,001,0.087887
blog_content_cleaned.csv:364,000,0.675905
blog_content_cleaned.csv:364,004,0.279076
blog_content_cleaned.csv:364,001,0.04502
blog_content_cleaned.csv:12,003,0.481819
blog_content_cleaned.csv:12,005,0.227828
blog_content_cleaned.csv:12,001,0.220893
blog_content_cleaned.csv:12,004,0.069459
blog_content_cleaned.csv:47,001,0.437797
blog_content_cleaned.csv:47,000,0.34294
blog_content_cleaned.csv:47,004,0.139125
blog_content_cleaned.csv:47,002,0.080138
blog_content_cleaned.csv:82,002,0.607254
blog_content_cleaned.csv:82,000,0.392746
blog_content_cleaned.csv:117,001,0.909217
blog_content_cleaned.csv:117,003,0.090783
blog_content_cleaned.csv:152,000,0.560146
blog_content_cleaned.csv:152,004,0.437035
blog_content_cleaned.csv:152,005,0.002819
blog_content_cleaned.csv:187,002,0.797061
blog_content_cleaned.csv:187,001,0.152939
blog_content_cleaned.csv:187,004,0.05
blog_content_cleaned.csv:217,002,0.612063
blog_content_cleaned.csv:217,005,0.215135
blog_content_cleaned.csv:217,003,0.105071
blog_content_cleaned.csv:217,001,0.067732
blog_content_cleaned.csv:252,004,0.739216
blog_content_cleaned.csv:252,003,0.240316
blog_content_cleaned.csv:252,000,0.020468
blog_content_cleaned.csv:287,004,0.944572
blog_content_cleaned.csv:287,001,0.055428
blog_content_cleaned.csv:322,005,0.650081
blog_content_cleaned.csv:322,002,0.349919
blog_content_cleaned.csv:357,001,0.946598
blog_content_cleaned.csv:357,000,0.053402
blog_content_cleaned.csv:15,000,0.486472
blog_content_cleaned.csv:15,004,0.330361
blog_content_cleaned.csv:15,001,0.09771
blog_content_cleaned.csv:15,003,0.085458
blog_content_cleaned.csv:50,000,0.436258
blog_content_cleaned.csv:50,001,0.332982
blog_content_cleaned.csv:50,005,0.23076
blog_content_cleaned.csv:85,004,0.743086
blog_content_cleaned.csv:85,000,0.125331
blog_content_cleaned.csv:85,001,0.073496
blog_content_cleaned.csv:85,003,0.058086
blog_content_cleaned.csv:120,004,0.510626
blog_content_cleaned.csv:120,001,0.241478
blog_content_cleaned.csv:120,005,0.173376
blog_content_cleaned.csv:120,000,0.074521
blog_content_cleaned.csv:155,004,0.663475
blog_content_cleaned.csv:155,005,0.173564
blog_content_cleaned.csv:155,003,0.162961
blog_content_cleaned.csv:220,001,0.667978
blog_content_cleaned.csv:220,002,0.332022
blog_content_cleaned.csv:255,001,0.422154
blog_content_cleaned.csv:255,003,0.372172
blog_content_cleaned.csv:255,002,0.149437
blog_content_cleaned.csv:255,000,0.056237
blog_content_cleaned.csv:290,002,0.718477
blog_content_cleaned.csv:290,001,0.281523
blog_content_cleaned.csv:325,003,1.0
blog_content_cleaned.csv:360,004,0.967398
blog_content_cleaned.csv:360,001,0.032602
blog_content_cleaned.csv:26,004,0.491788
blog_content_cleaned.csv:26,001,0.387577
blog_content_cleaned.csv:26,000,0.120635
blog_content_cleaned.csv:61,005,1.0
blog_content_cleaned.csv:96,002,0.516345
blog_content_cleaned.csv:96,005,0.370906
blog_content_cleaned.csv:96,001,0.112749
blog_content_cleaned.csv:131,001,0.501865
blog_content_cleaned.csv:131,005,0.22574
blog_content_cleaned.csv:131,002,0.217426
blog_content_cleaned.csv:131,003,0.054969
blog_content_cleaned.csv:166,003,0.631533
blog_content_cleaned.csv:166,001,0.225175
blog_content_cleaned.csv:166,002,0.143292
blog_content_cleaned.csv:196,005,0.963059
blog_content_cleaned.csv:196,003,0.036941
blog_content_cleaned.csv:231,005,0.392802
blog_content_cleaned.csv:231,000,0.369606
blog_content_cleaned.csv:231,001,0.149868
blog_content_cleaned.csv:231,002,0.087724
blog_content_cleaned.csv:266,005,0.520584
blog_content_cleaned.csv:266,002,0.281972
blog_content_cleaned.csv:266,001,0.124236
blog_content_cleaned.csv:266,004,0.073208
blog_content_cleaned.csv:301,000,0.390407
blog_content_cleaned.csv:301,003,0.374692
blog_content_cleaned.csv:301,004,0.234901
blog_content_cleaned.csv:336,003,0.982599
blog_content_cleaned.csv:336,000,0.017401
blog_content_cleaned.csv:371,004,0.903081
blog_content_cleaned.csv:371,001,0.096919
blog_content_cleaned.csv:20,000,0.426523
blog_content_cleaned.csv:20,003,0.401762
blog_content_cleaned.csv:20,001,0.171715
blog_content_cleaned.csv:55,000,0.646651
blog_content_cleaned.csv:55,004,0.321771
blog_content_cleaned.csv:55,001,0.031578
blog_content_cleaned.csv:90,002,0.501287
blog_content_cleaned.csv:90,003,0.498713
blog_content_cleaned.csv:125,003,0.655201
blog_content_cleaned.csv:125,004,0.182707
blog_content_cleaned.csv:125,001,0.162092
blog_content_cleaned.csv:160,002,0.598017
blog_content_cleaned.csv:160,001,0.34961
blog_content_cleaned.csv:160,004,0.052373
blog_content_cleaned.csv:190,004,0.764232
blog_content_cleaned.csv:190,001,0.181914
blog_content_cleaned.csv:190,005,0.04845
blog_content_cleaned.csv:190,002,0.005404
blog_content_cleaned.csv:225,000,0.798399
blog_content_cleaned.csv:225,002,0.201601
blog_content_cleaned.csv:260,002,0.733575
blog_content_cleaned.csv:260,004,0.120411
blog_content_cleaned.csv:260,003,0.09276
blog_content_cleaned.csv:260,001,0.053255
blog_content_cleaned.csv:295,005,0.488853
blog_content_cleaned.csv:295,001,0.470659
blog_content_cleaned.csv:295,004,0.022021
blog_content_cleaned.csv:295,003,0.018466
blog_content_cleaned.csv:330,000,0.54367
blog_content_cleaned.csv:330,005,0.25419
blog_content_cleaned.csv:330,004,0.20214
blog_content_cleaned.csv:365,005,0.833763
blog_content_cleaned.csv:365,002,0.103511
blog_content_cleaned.csv:365,001,0.062725
blog_content_cleaned.csv:5,000,0.544745
blog_content_cleaned.csv:5,002,0.185031
blog_content_cleaned.csv:5,001,0.136273
blog_content_cleaned.csv:5,005,0.133951
blog_content_cleaned.csv:40,005,0.716542
blog_content_cleaned.csv:40,001,0.134655
blog_content_cleaned.csv:40,002,0.10049
blog_content_cleaned.csv:40,004,0.048313
blog_content_cleaned.csv:75,001,0.871256
blog_content_cleaned.csv:75,003,0.128744
blog_content_cleaned.csv:110,001,0.586345
blog_content_cleaned.csv:110,000,0.219485
blog_content_cleaned.csv:110,005,0.19417
blog_content_cleaned.csv:145,001,0.494665
blog_content_cleaned.csv:145,003,0.354282
blog_content_cleaned.csv:145,005,0.151053
blog_content_cleaned.csv:180,002,0.601509
blog_content_cleaned.csv:180,000,0.398491
blog_content_cleaned.csv:210,001,0.859328
blog_content_cleaned.csv:210,003,0.140672
blog_content_cleaned.csv:245,004,0.587567
blog_content_cleaned.csv:245,001,0.394557
blog_content_cleaned.csv:245,002,0.017877
blog_content_cleaned.csv:280,000,0.917164
blog_content_cleaned.csv:280,001,0.082836
blog_content_cleaned.csv:315,000,0.958553
blog_content_cleaned.csv:315,001,0.041447
blog_content_cleaned.csv:350,002,1.0
blog_content_cleaned.csv:385,003,0.787252
blog_content_cleaned.csv:385,001,0.129596
blog_content_cleaned.csv:385,004,0.083152
blog_content_cleaned.csv:25,003,0.405622
blog_content_cleaned.csv:25,001,0.378461
blog_content_cleaned.csv:25,004,0.215918
blog_content_cleaned.csv:60,000,0.703387
blog_content_cleaned.csv:60,004,0.296613
blog_content_cleaned.csv:95,002,0.750022
blog_content_cleaned.csv:95,003,0.249978
blog_content_cleaned.csv:130,002,0.356865
blog_content_cleaned.csv:130,000,0.288251
blog_content_cleaned.csv:130,005,0.219336
blog_content_cleaned.csv:130,004,0.135549
blog_content_cleaned.csv:165,005,0.805732
blog_content_cleaned.csv:165,002,0.177666
blog_content_cleaned.csv:165,004,0.016602
blog_content_cleaned.csv:195,003,0.536166
blog_content_cleaned.csv:195,002,0.304613
blog_content_cleaned.csv:195,001,0.159221
blog_content_cleaned.csv:230,001,0.606763
blog_content_cleaned.csv:230,004,0.38748
blog_content_cleaned.csv:230,000,0.005756
blog_content_cleaned.csv:265,002,0.505063
blog_content_cleaned.csv:265,004,0.31193
blog_content_cleaned.csv:265,001,0.183007
blog_content_cleaned.csv:300,003,0.929579
blog_content_cleaned.csv:300,002,0.043608
blog_content_cleaned.csv:300,004,0.026813
blog_content_cleaned.csv:335,003,0.798541
blog_content_cleaned.csv:335,002,0.128122
blog_content_cleaned.csv:335,001,0.073337
blog_content_cleaned.csv:370,004,0.545053
blog_content_cleaned.csv:370,003,0.454947
blog_content_cleaned.csv:14,005,0.909573
blog_content_cleaned.csv:14,003,0.090427
blog_content_cleaned.csv:49,000,0.935365
blog_content_cleaned.csv:49,005,0.064635
blog_content_cleaned.csv:84,001,0.916218
blog_content_cleaned.csv:84,004,0.05986
blog_content_cleaned.csv:84,003,0.023922
blog_content_cleaned.csv:119,005,0.417759
blog_content_cleaned.csv:119,004,0.316872
blog_content_cleaned.csv:119,002,0.265369
blog_content_cleaned.csv:154,003,0.903166
blog_content_cleaned.csv:154,004,0.07088
blog_content_cleaned.csv:154,001,0.025954
blog_content_cleaned.csv:189,005,0.809019
blog_content_cleaned.csv:189,000,0.190981
blog_content_cleaned.csv:219,000,0.737423
blog_content_cleaned.csv:219,005,0.213337
blog_content_cleaned.csv:219,001,0.04924
blog_content_cleaned.csv:254,003,0.647949
blog_content_cleaned.csv:254,001,0.258314
blog_content_cleaned.csv:254,004,0.093736
blog_content_cleaned.csv:289,003,0.605439
blog_content_cleaned.csv:289,004,0.270789
blog_content_cleaned.csv:289,001,0.118559
blog_content_cleaned.csv:289,000,0.005214
blog_content_cleaned.csv:324,000,0.784924
blog_content_cleaned.csv:324,005,0.164173
blog_content_cleaned.csv:324,003,0.050902
blog_content_cleaned.csv:359,000,0.660082
blog_content_cleaned.csv:359,001,0.285244
blog_content_cleaned.csv:359,004,0.054674
blog_content_cleaned.csv:9,001,0.482168
blog_content_cleaned.csv:9,004,0.30295
blog_content_cleaned.csv:9,005,0.214882
blog_content_cleaned.csv:44,002,0.740647
blog_content_cleaned.csv:44,004,0.138423
blog_content_cleaned.csv:44,000,0.120931
blog_content_cleaned.csv:79,000,0.73492
blog_content_cleaned.csv:79,005,0.170594
blog_content_cleaned.csv:79,001,0.094486
blog_content_cleaned.csv:114,003,0.981967
blog_content_cleaned.csv:114,001,0.018033
blog_content_cleaned.csv:149,001,0.778225
blog_content_cleaned.csv:149,003,0.200497
blog_content_cleaned.csv:149,002,0.021278
blog_content_cleaned.csv:184,003,0.975116
blog_content_cleaned.csv:184,005,0.024884
blog_content_cleaned.csv:214,003,0.584531
blog_content_cleaned.csv:214,002,0.30265
blog_content_cleaned.csv:214,001,0.05777
blog_content_cleaned.csv:214,004,0.05505
blog_content_cleaned.csv:249,004,0.694681
blog_content_cleaned.csv:249,001,0.305319
blog_content_cleaned.csv:284,001,0.82654
blog_content_cleaned.csv:284,003,0.17346
blog_content_cleaned.csv:319,001,0.480522
blog_content_cleaned.csv:319,000,0.329953
blog_content_cleaned.csv:319,005,0.189525
blog_content_cleaned.csv:354,005,0.83643
blog_content_cleaned.csv:354,003,0.16357
blog_content_cleaned.csv:389,005,0.894685
blog_content_cleaned.csv:389,000,0.065137
blog_content_cleaned.csv:389,003,0.040177
