docname,topic,proportion
blog_content_cleaned.csv:22,004,0.577608
blog_content_cleaned.csv:22,007,0.337345
blog_content_cleaned.csv:22,002,0.051955
blog_content_cleaned.csv:22,006,0.033092
blog_content_cleaned.csv:57,005,0.781397
blog_content_cleaned.csv:57,000,0.1124
blog_content_cleaned.csv:57,002,0.106203
blog_content_cleaned.csv:92,001,0.90602
blog_content_cleaned.csv:92,008,0.09398
blog_content_cleaned.csv:127,006,0.871821
blog_content_cleaned.csv:127,002,0.064357
blog_content_cleaned.csv:127,008,0.063822
blog_content_cleaned.csv:162,001,0.788543
blog_content_cleaned.csv:162,006,0.211457
blog_content_cleaned.csv:192,002,0.697089
blog_content_cleaned.csv:192,000,0.153671
blog_content_cleaned.csv:192,006,0.124392
blog_content_cleaned.csv:192,007,0.024848
blog_content_cleaned.csv:227,005,0.515849
blog_content_cleaned.csv:227,008,0.404808
blog_content_cleaned.csv:227,004,0.079343
blog_content_cleaned.csv:262,002,0.744356
blog_content_cleaned.csv:262,007,0.095076
blog_content_cleaned.csv:262,008,0.080468
blog_content_cleaned.csv:262,005,0.0801
blog_content_cleaned.csv:297,007,0.860475
blog_content_cleaned.csv:297,005,0.135681
blog_content_cleaned.csv:297,002,0.003844
blog_content_cleaned.csv:332,007,0.938939
blog_content_cleaned.csv:332,002,0.061061
blog_content_cleaned.csv:367,006,0.376594
blog_content_cleaned.csv:367,001,0.239666
blog_content_cleaned.csv:367,007,0.142254
blog_content_cleaned.csv:367,002,0.129438
blog_content_cleaned.csv:367,008,0.112048
blog_content_cleaned.csv:1,003,1.0
blog_content_cleaned.csv:36,002,0.706172
blog_content_cleaned.csv:36,001,0.239077
blog_content_cleaned.csv:36,000,0.054751
blog_content_cleaned.csv:71,000,0.466746
blog_content_cleaned.csv:71,003,0.423251
blog_content_cleaned.csv:71,001,0.110003
blog_content_cleaned.csv:106,006,0.369959
blog_content_cleaned.csv:106,005,0.285198
blog_content_cleaned.csv:106,001,0.229184
blog_content_cleaned.csv:106,008,0.115658
blog_content_cleaned.csv:141,007,0.453477
blog_content_cleaned.csv:141,004,0.309769
blog_content_cleaned.csv:141,008,0.086169
blog_content_cleaned.csv:141,002,0.083452
blog_content_cleaned.csv:141,001,0.067134
blog_content_cleaned.csv:176,007,0.643183
blog_content_cleaned.csv:176,002,0.255129
blog_content_cleaned.csv:176,005,0.101687
blog_content_cleaned.csv:206,006,0.650649
blog_content_cleaned.csv:206,008,0.224935
blog_content_cleaned.csv:206,001,0.065334
blog_content_cleaned.csv:206,002,0.059083
blog_content_cleaned.csv:241,003,0.429566
blog_content_cleaned.csv:241,001,0.351428
blog_content_cleaned.csv:241,008,0.186464
blog_content_cleaned.csv:241,000,0.032541
blog_content_cleaned.csv:276,003,0.520684
blog_content_cleaned.csv:276,002,0.207406
blog_content_cleaned.csv:276,005,0.160995
blog_content_cleaned.csv:276,001,0.108856
blog_content_cleaned.csv:276,000,0.002058
blog_content_cleaned.csv:311,001,1.0
blog_content_cleaned.csv:346,002,0.647428
blog_content_cleaned.csv:346,007,0.174817
blog_content_cleaned.csv:346,006,0.133713
blog_content_cleaned.csv:346,008,0.044042
blog_content_cleaned.csv:381,001,0.615272
blog_content_cleaned.csv:381,002,0.35517
blog_content_cleaned.csv:381,007,0.029558
blog_content_cleaned.csv:8,007,0.867285
blog_content_cleaned.csv:8,001,0.072331
blog_content_cleaned.csv:8,006,0.060383
blog_content_cleaned.csv:43,007,0.453636
blog_content_cleaned.csv:43,003,0.338637
blog_content_cleaned.csv:43,001,0.207727
blog_content_cleaned.csv:78,006,0.792731
blog_content_cleaned.csv:78,008,0.111056
blog_content_cleaned.csv:78,002,0.096212
blog_content_cleaned.csv:113,005,0.518515
blog_content_cleaned.csv:113,002,0.247104
blog_content_cleaned.csv:113,000,0.234381
blog_content_cleaned.csv:148,005,0.587833
blog_content_cleaned.csv:148,007,0.224487
blog_content_cleaned.csv:148,002,0.18768
blog_content_cleaned.csv:183,008,0.371471
blog_content_cleaned.csv:183,000,0.279272
blog_content_cleaned.csv:183,007,0.13232
blog_content_cleaned.csv:183,004,0.113065
blog_content_cleaned.csv:183,002,0.103872
blog_content_cleaned.csv:213,006,0.421338
blog_content_cleaned.csv:213,008,0.36322
blog_content_cleaned.csv:213,005,0.215443
blog_content_cleaned.csv:248,000,0.494629
blog_content_cleaned.csv:248,008,0.171878
blog_content_cleaned.csv:248,006,0.11775
blog_content_cleaned.csv:248,007,0.112142
blog_content_cleaned.csv:248,001,0.103601
blog_content_cleaned.csv:283,000,0.819702
blog_content_cleaned.csv:283,008,0.091105
blog_content_cleaned.csv:283,002,0.089194
blog_content_cleaned.csv:318,004,0.410078
blog_content_cleaned.csv:318,001,0.338443
blog_content_cleaned.csv:318,002,0.25148
blog_content_cleaned.csv:353,000,0.865298
blog_content_cleaned.csv:353,007,0.134702
blog_content_cleaned.csv:388,008,0.606411
blog_content_cleaned.csv:388,001,0.168344
blog_content_cleaned.csv:388,004,0.14348
blog_content_cleaned.csv:388,000,0.081765
blog_content_cleaned.csv:21,003,0.814721
blog_content_cleaned.csv:21,002,0.105273
blog_content_cleaned.csv:21,000,0.044361
blog_content_cleaned.csv:21,001,0.035644
blog_content_cleaned.csv:56,008,0.383913
blog_content_cleaned.csv:56,000,0.293579
blog_content_cleaned.csv:56,003,0.215104
blog_content_cleaned.csv:56,004,0.107404
blog_content_cleaned.csv:91,001,0.643938
blog_content_cleaned.csv:91,007,0.250043
blog_content_cleaned.csv:91,003,0.106018
blog_content_cleaned.csv:126,002,0.698753
blog_content_cleaned.csv:126,001,0.14286
blog_content_cleaned.csv:126,007,0.096621
blog_content_cleaned.csv:126,006,0.061765
blog_content_cleaned.csv:161,000,0.347497
blog_content_cleaned.csv:161,002,0.320683
blog_content_cleaned.csv:161,003,0.172086
blog_content_cleaned.csv:161,007,0.122053
blog_content_cleaned.csv:161,008,0.037681
blog_content_cleaned.csv:191,001,0.694307
blog_content_cleaned.csv:191,008,0.298984
blog_content_cleaned.csv:191,007,0.00671
blog_content_cleaned.csv:226,000,0.683897
blog_content_cleaned.csv:226,002,0.146048
blog_content_cleaned.csv:226,005,0.087038
blog_content_cleaned.csv:226,008,0.083017
blog_content_cleaned.csv:261,006,0.696545
blog_content_cleaned.csv:261,002,0.303455
blog_content_cleaned.csv:296,006,0.376263
blog_content_cleaned.csv:296,008,0.300826
blog_content_cleaned.csv:296,007,0.145789
blog_content_cleaned.csv:296,004,0.138049
blog_content_cleaned.csv:296,005,0.039073
blog_content_cleaned.csv:331,001,0.825107
blog_content_cleaned.csv:331,007,0.174893
blog_content_cleaned.csv:366,001,0.448321
blog_content_cleaned.csv:366,003,0.298588
blog_content_cleaned.csv:366,004,0.212635
blog_content_cleaned.csv:366,006,0.040455
blog_content_cleaned.csv:24,007,0.408024
blog_content_cleaned.csv:24,008,0.239994
blog_content_cleaned.csv:24,004,0.237506
blog_content_cleaned.csv:24,006,0.114475
blog_content_cleaned.csv:59,000,0.675072
blog_content_cleaned.csv:59,005,0.324928
blog_content_cleaned.csv:94,005,0.473612
blog_content_cleaned.csv:94,003,0.374104
blog_content_cleaned.csv:94,001,0.152284
blog_content_cleaned.csv:129,007,0.521174
blog_content_cleaned.csv:129,008,0.259909
blog_content_cleaned.csv:129,003,0.218917
blog_content_cleaned.csv:164,008,0.469761
blog_content_cleaned.csv:164,000,0.272916
blog_content_cleaned.csv:164,002,0.112003
blog_content_cleaned.csv:164,007,0.110189
blog_content_cleaned.csv:164,005,0.035131
blog_content_cleaned.csv:194,005,0.580417
blog_content_cleaned.csv:194,004,0.419583
blog_content_cleaned.csv:229,008,0.964155
blog_content_cleaned.csv:229,003,0.035845
blog_content_cleaned.csv:264,001,0.48916
blog_content_cleaned.csv:264,008,0.375915
blog_content_cleaned.csv:264,005,0.134925
blog_content_cleaned.csv:299,006,0.962262
blog_content_cleaned.csv:299,001,0.037738
blog_content_cleaned.csv:334,003,0.369643
blog_content_cleaned.csv:334,000,0.284355
blog_content_cleaned.csv:334,001,0.18784
blog_content_cleaned.csv:334,007,0.107065
blog_content_cleaned.csv:334,005,0.051097
blog_content_cleaned.csv:369,001,0.51868
blog_content_cleaned.csv:369,007,0.21243
blog_content_cleaned.csv:369,003,0.202727
blog_content_cleaned.csv:369,005,0.066163
blog_content_cleaned.csv:11,008,0.473739
blog_content_cleaned.csv:11,001,0.258209
blog_content_cleaned.csv:11,000,0.144502
blog_content_cleaned.csv:11,004,0.12355
blog_content_cleaned.csv:46,003,0.513769
blog_content_cleaned.csv:46,000,0.299582
blog_content_cleaned.csv:46,008,0.186649
blog_content_cleaned.csv:81,001,0.429177
blog_content_cleaned.csv:81,005,0.230986
blog_content_cleaned.csv:81,008,0.154948
blog_content_cleaned.csv:81,003,0.127256
blog_content_cleaned.csv:81,006,0.057632
blog_content_cleaned.csv:116,001,0.591162
blog_content_cleaned.csv:116,005,0.190003
blog_content_cleaned.csv:116,007,0.137341
blog_content_cleaned.csv:116,003,0.081494
blog_content_cleaned.csv:151,001,0.435365
blog_content_cleaned.csv:151,004,0.163879
blog_content_cleaned.csv:151,008,0.155995
blog_content_cleaned.csv:151,007,0.089805
blog_content_cleaned.csv:151,003,0.084633
blog_content_cleaned.csv:151,000,0.070324
blog_content_cleaned.csv:186,006,0.867936
blog_content_cleaned.csv:186,008,0.110888
blog_content_cleaned.csv:186,003,0.017373
blog_content_cleaned.csv:186,000,0.003803
blog_content_cleaned.csv:216,008,0.950522
blog_content_cleaned.csv:216,001,0.049478
blog_content_cleaned.csv:251,005,0.447055
blog_content_cleaned.csv:251,008,0.21822
blog_content_cleaned.csv:251,002,0.212787
blog_content_cleaned.csv:251,006,0.121938
blog_content_cleaned.csv:286,003,0.579627
blog_content_cleaned.csv:286,005,0.350727
blog_content_cleaned.csv:286,002,0.069646
blog_content_cleaned.csv:321,007,0.926704
blog_content_cleaned.csv:321,001,0.073297
blog_content_cleaned.csv:356,006,0.965143
blog_content_cleaned.csv:356,001,0.034857
blog_content_cleaned.csv:391,002,0.601741
blog_content_cleaned.csv:391,007,0.280829
blog_content_cleaned.csv:391,006,0.11743
blog_content_cleaned.csv:5,007,0.54636
blog_content_cleaned.csv:5,001,0.211126
blog_content_cleaned.csv:5,004,0.16019
blog_content_cleaned.csv:5,002,0.082324
blog_content_cleaned.csv:40,003,0.649314
blog_content_cleaned.csv:40,001,0.217356
blog_content_cleaned.csv:40,005,0.13333
blog_content_cleaned.csv:75,002,0.946337
blog_content_cleaned.csv:75,004,0.048086
blog_content_cleaned.csv:75,000,0.005577
blog_content_cleaned.csv:110,002,0.45395
blog_content_cleaned.csv:110,000,0.271104
blog_content_cleaned.csv:110,006,0.202794
blog_content_cleaned.csv:110,003,0.072152
blog_content_cleaned.csv:145,004,1.0
blog_content_cleaned.csv:180,001,0.610738
blog_content_cleaned.csv:180,007,0.314065
blog_content_cleaned.csv:180,005,0.075197
blog_content_cleaned.csv:210,006,0.776679
blog_content_cleaned.csv:210,000,0.168607
blog_content_cleaned.csv:210,001,0.054714
blog_content_cleaned.csv:245,008,0.530866
blog_content_cleaned.csv:245,000,0.204628
blog_content_cleaned.csv:245,002,0.164513
blog_content_cleaned.csv:245,007,0.099993
blog_content_cleaned.csv:280,007,0.784878
blog_content_cleaned.csv:280,005,0.18446
blog_content_cleaned.csv:280,002,0.030662
blog_content_cleaned.csv:315,007,1.0
blog_content_cleaned.csv:350,001,1.0
blog_content_cleaned.csv:385,005,0.925281
blog_content_cleaned.csv:385,006,0.038751
blog_content_cleaned.csv:385,004,0.035968
blog_content_cleaned.csv:3,006,0.838621
blog_content_cleaned.csv:3,001,0.107287
blog_content_cleaned.csv:3,008,0.054092
blog_content_cleaned.csv:38,002,0.404493
blog_content_cleaned.csv:38,005,0.324195
blog_content_cleaned.csv:38,008,0.234781
blog_content_cleaned.csv:38,007,0.036531
blog_content_cleaned.csv:73,003,0.492282
blog_content_cleaned.csv:73,007,0.464381
blog_content_cleaned.csv:73,000,0.043337
blog_content_cleaned.csv:108,000,0.57554
blog_content_cleaned.csv:108,005,0.206824
blog_content_cleaned.csv:108,008,0.202145
blog_content_cleaned.csv:108,003,0.015491
blog_content_cleaned.csv:143,000,0.493154
blog_content_cleaned.csv:143,007,0.316554
blog_content_cleaned.csv:143,003,0.190293
blog_content_cleaned.csv:178,002,0.642931
blog_content_cleaned.csv:178,003,0.341479
blog_content_cleaned.csv:178,000,0.01559
blog_content_cleaned.csv:208,005,0.722828
blog_content_cleaned.csv:208,002,0.277172
blog_content_cleaned.csv:243,007,0.635528
blog_content_cleaned.csv:243,001,0.364472
blog_content_cleaned.csv:278,005,0.970312
blog_content_cleaned.csv:278,006,0.029688
blog_content_cleaned.csv:313,007,0.946112
blog_content_cleaned.csv:313,005,0.032882
blog_content_cleaned.csv:313,002,0.021007
blog_content_cleaned.csv:348,007,0.766792
blog_content_cleaned.csv:348,006,0.154509
blog_content_cleaned.csv:348,004,0.078699
blog_content_cleaned.csv:383,000,0.408744
blog_content_cleaned.csv:383,007,0.260671
blog_content_cleaned.csv:383,003,0.176036
blog_content_cleaned.csv:383,002,0.154549
blog_content_cleaned.csv:16,001,0.461672
blog_content_cleaned.csv:16,000,0.379819
blog_content_cleaned.csv:16,003,0.158509
blog_content_cleaned.csv:51,005,0.768633
blog_content_cleaned.csv:51,003,0.117939
blog_content_cleaned.csv:51,006,0.113428
blog_content_cleaned.csv:86,007,0.784478
blog_content_cleaned.csv:86,008,0.075413
blog_content_cleaned.csv:86,006,0.074237
blog_content_cleaned.csv:86,001,0.065872
blog_content_cleaned.csv:121,006,0.831442
blog_content_cleaned.csv:121,008,0.168558
blog_content_cleaned.csv:156,008,0.917773
blog_content_cleaned.csv:156,005,0.082227
blog_content_cleaned.csv:221,002,0.51106
blog_content_cleaned.csv:221,003,0.273972
blog_content_cleaned.csv:221,005,0.12176
blog_content_cleaned.csv:221,007,0.093207
blog_content_cleaned.csv:256,001,0.85986
blog_content_cleaned.csv:256,003,0.14014
blog_content_cleaned.csv:291,006,0.384253
blog_content_cleaned.csv:291,002,0.183449
blog_content_cleaned.csv:291,007,0.173831
blog_content_cleaned.csv:291,008,0.163958
blog_content_cleaned.csv:291,004,0.094509
blog_content_cleaned.csv:326,008,0.858062
blog_content_cleaned.csv:326,001,0.141938
blog_content_cleaned.csv:361,005,0.543612
blog_content_cleaned.csv:361,006,0.172537
blog_content_cleaned.csv:361,001,0.156764
blog_content_cleaned.csv:361,004,0.069072
blog_content_cleaned.csv:361,007,0.058016
blog_content_cleaned.csv:7,005,0.420393
blog_content_cleaned.csv:7,001,0.378989
blog_content_cleaned.csv:7,002,0.200619
blog_content_cleaned.csv:42,004,0.620452
blog_content_cleaned.csv:42,002,0.121755
blog_content_cleaned.csv:42,001,0.104344
blog_content_cleaned.csv:42,005,0.087027
blog_content_cleaned.csv:42,007,0.066421
blog_content_cleaned.csv:77,000,0.465217
blog_content_cleaned.csv:77,001,0.329238
blog_content_cleaned.csv:77,004,0.205545
blog_content_cleaned.csv:112,000,0.627305
blog_content_cleaned.csv:112,005,0.333441
blog_content_cleaned.csv:112,006,0.039254
blog_content_cleaned.csv:147,001,0.312269
blog_content_cleaned.csv:147,006,0.303848
blog_content_cleaned.csv:147,002,0.167025
blog_content_cleaned.csv:147,004,0.165014
blog_content_cleaned.csv:147,007,0.051844
blog_content_cleaned.csv:182,003,0.279247
blog_content_cleaned.csv:182,000,0.206752
blog_content_cleaned.csv:182,008,0.203071
blog_content_cleaned.csv:182,002,0.135097
blog_content_cleaned.csv:182,007,0.100876
blog_content_cleaned.csv:182,006,0.074957
blog_content_cleaned.csv:212,001,0.501469
blog_content_cleaned.csv:212,007,0.264547
blog_content_cleaned.csv:212,008,0.233984
blog_content_cleaned.csv:247,008,0.325381
blog_content_cleaned.csv:247,006,0.209587
blog_content_cleaned.csv:247,001,0.182174
blog_content_cleaned.csv:247,000,0.152322
blog_content_cleaned.csv:247,007,0.130536
blog_content_cleaned.csv:282,002,0.460434
blog_content_cleaned.csv:282,001,0.225638
blog_content_cleaned.csv:282,005,0.160006
blog_content_cleaned.csv:282,006,0.153921
blog_content_cleaned.csv:317,004,0.571378
blog_content_cleaned.csv:317,001,0.23004
blog_content_cleaned.csv:317,006,0.198582
blog_content_cleaned.csv:352,006,0.941015
blog_content_cleaned.csv:352,002,0.058985
blog_content_cleaned.csv:387,003,0.864927
blog_content_cleaned.csv:387,001,0.092991
blog_content_cleaned.csv:387,005,0.042082
blog_content_cleaned.csv:30,005,0.646999
blog_content_cleaned.csv:30,001,0.176698
blog_content_cleaned.csv:30,002,0.174311
blog_content_cleaned.csv:30,007,0.001993
blog_content_cleaned.csv:65,001,0.661299
blog_content_cleaned.csv:65,005,0.253053
blog_content_cleaned.csv:65,003,0.085648
blog_content_cleaned.csv:100,003,0.547515
blog_content_cleaned.csv:100,001,0.265983
blog_content_cleaned.csv:100,005,0.186503
blog_content_cleaned.csv:135,006,0.700524
blog_content_cleaned.csv:135,005,0.188583
blog_content_cleaned.csv:135,003,0.110893
blog_content_cleaned.csv:170,002,0.975877
blog_content_cleaned.csv:170,005,0.024123
blog_content_cleaned.csv:200,005,0.610314
blog_content_cleaned.csv:200,006,0.367682
blog_content_cleaned.csv:200,002,0.022004
blog_content_cleaned.csv:235,002,0.722903
blog_content_cleaned.csv:235,000,0.144537
blog_content_cleaned.csv:235,004,0.13256
blog_content_cleaned.csv:270,001,0.869122
blog_content_cleaned.csv:270,002,0.124127
blog_content_cleaned.csv:270,007,0.006751
blog_content_cleaned.csv:305,006,0.898975
blog_content_cleaned.csv:305,002,0.101025
blog_content_cleaned.csv:340,006,0.437171
blog_content_cleaned.csv:340,002,0.337494
blog_content_cleaned.csv:340,007,0.122594
blog_content_cleaned.csv:340,001,0.102741
blog_content_cleaned.csv:375,001,0.790372
blog_content_cleaned.csv:375,007,0.131435
blog_content_cleaned.csv:375,002,0.078193
blog_content_cleaned.csv:26,002,0.363873
blog_content_cleaned.csv:26,007,0.214906
blog_content_cleaned.csv:26,008,0.211647
blog_content_cleaned.csv:26,000,0.209573
blog_content_cleaned.csv:61,003,1.0
blog_content_cleaned.csv:96,001,0.440366
blog_content_cleaned.csv:96,003,0.261685
blog_content_cleaned.csv:96,006,0.22797
blog_content_cleaned.csv:96,000,0.069979
blog_content_cleaned.csv:131,008,0.432293
blog_content_cleaned.csv:131,007,0.195324
blog_content_cleaned.csv:131,004,0.170682
blog_content_cleaned.csv:131,003,0.108732
blog_content_cleaned.csv:131,000,0.092968
blog_content_cleaned.csv:166,004,0.578324
blog_content_cleaned.csv:166,005,0.29914
blog_content_cleaned.csv:166,008,0.109757
blog_content_cleaned.csv:166,001,0.012779
blog_content_cleaned.csv:196,003,0.89494
blog_content_cleaned.csv:196,007,0.10506
blog_content_cleaned.csv:231,007,0.467344
blog_content_cleaned.csv:231,003,0.371858
blog_content_cleaned.csv:231,001,0.110243
blog_content_cleaned.csv:231,000,0.050555
blog_content_cleaned.csv:266,008,0.710504
blog_content_cleaned.csv:266,003,0.193298
blog_content_cleaned.csv:266,005,0.071704
blog_content_cleaned.csv:266,000,0.024494
blog_content_cleaned.csv:301,002,0.633138
blog_content_cleaned.csv:301,007,0.173349
blog_content_cleaned.csv:301,006,0.126302
blog_content_cleaned.csv:301,008,0.067211
blog_content_cleaned.csv:336,005,0.781306
blog_content_cleaned.csv:336,001,0.137056
blog_content_cleaned.csv:336,006,0.081638
blog_content_cleaned.csv:371,000,0.482568
blog_content_cleaned.csv:371,005,0.164939
blog_content_cleaned.csv:371,007,0.14502
blog_content_cleaned.csv:371,001,0.079873
blog_content_cleaned.csv:371,002,0.069648
blog_content_cleaned.csv:371,008,0.057951
blog_content_cleaned.csv:28,000,0.535345
blog_content_cleaned.csv:28,005,0.395208
blog_content_cleaned.csv:28,008,0.069447
blog_content_cleaned.csv:63,003,0.442572
blog_content_cleaned.csv:63,001,0.195212
blog_content_cleaned.csv:63,006,0.167632
blog_content_cleaned.csv:63,002,0.123198
blog_content_cleaned.csv:63,007,0.071386
blog_content_cleaned.csv:98,001,0.529848
blog_content_cleaned.csv:98,002,0.324345
blog_content_cleaned.csv:98,008,0.074922
blog_content_cleaned.csv:98,007,0.070885
blog_content_cleaned.csv:133,001,0.648913
blog_content_cleaned.csv:133,003,0.242327
blog_content_cleaned.csv:133,008,0.057346
blog_content_cleaned.csv:133,007,0.051414
blog_content_cleaned.csv:168,000,0.354759
blog_content_cleaned.csv:168,002,0.313447
blog_content_cleaned.csv:168,005,0.145484
blog_content_cleaned.csv:168,008,0.136206
blog_content_cleaned.csv:168,007,0.050104
blog_content_cleaned.csv:198,007,0.492734
blog_content_cleaned.csv:198,005,0.320609
blog_content_cleaned.csv:198,008,0.186658
blog_content_cleaned.csv:233,008,0.677829
blog_content_cleaned.csv:233,004,0.322171
blog_content_cleaned.csv:268,000,0.384319
blog_content_cleaned.csv:268,005,0.29669
blog_content_cleaned.csv:268,006,0.190638
blog_content_cleaned.csv:268,002,0.128354
blog_content_cleaned.csv:303,000,0.886374
blog_content_cleaned.csv:303,006,0.113626
blog_content_cleaned.csv:338,005,0.681124
blog_content_cleaned.csv:338,003,0.20953
blog_content_cleaned.csv:338,002,0.109346
blog_content_cleaned.csv:373,004,0.811197
blog_content_cleaned.csv:373,002,0.095603
blog_content_cleaned.csv:373,008,0.093199
blog_content_cleaned.csv:14,003,0.762681
blog_content_cleaned.csv:14,005,0.223234
blog_content_cleaned.csv:14,002,0.014084
blog_content_cleaned.csv:49,007,0.95146
blog_content_cleaned.csv:49,003,0.04854
blog_content_cleaned.csv:84,006,0.793146
blog_content_cleaned.csv:84,000,0.206854
blog_content_cleaned.csv:119,001,0.364573
blog_content_cleaned.csv:119,003,0.353283
blog_content_cleaned.csv:119,008,0.200547
blog_content_cleaned.csv:119,007,0.081597
blog_content_cleaned.csv:154,006,0.870541
blog_content_cleaned.csv:154,008,0.129459
blog_content_cleaned.csv:189,003,0.571136
blog_content_cleaned.csv:189,002,0.428864
blog_content_cleaned.csv:219,002,0.572375
blog_content_cleaned.csv:219,003,0.155226
blog_content_cleaned.csv:219,007,0.140551
blog_content_cleaned.csv:219,005,0.131848
blog_content_cleaned.csv:254,000,0.521494
blog_content_cleaned.csv:254,005,0.218988
blog_content_cleaned.csv:254,008,0.146549
blog_content_cleaned.csv:254,007,0.11297
blog_content_cleaned.csv:289,005,0.846579
blog_content_cleaned.csv:289,006,0.05014
blog_content_cleaned.csv:289,008,0.049808
blog_content_cleaned.csv:289,002,0.048719
blog_content_cleaned.csv:289,000,0.004755
blog_content_cleaned.csv:324,007,0.64889
blog_content_cleaned.csv:324,003,0.181647
blog_content_cleaned.csv:324,001,0.101955
blog_content_cleaned.csv:324,006,0.067509
blog_content_cleaned.csv:359,007,0.550508
blog_content_cleaned.csv:359,002,0.377245
blog_content_cleaned.csv:359,008,0.072247
blog_content_cleaned.csv:19,001,0.5613
blog_content_cleaned.csv:19,002,0.316918
blog_content_cleaned.csv:19,005,0.121782
blog_content_cleaned.csv:54,001,0.929969
blog_content_cleaned.csv:54,005,0.027693
blog_content_cleaned.csv:54,003,0.024106
blog_content_cleaned.csv:54,002,0.018232
blog_content_cleaned.csv:89,007,0.815891
blog_content_cleaned.csv:89,008,0.095367
blog_content_cleaned.csv:89,006,0.071256
blog_content_cleaned.csv:89,000,0.017486
blog_content_cleaned.csv:124,001,0.306794
blog_content_cleaned.csv:124,008,0.253343
blog_content_cleaned.csv:124,005,0.16861
blog_content_cleaned.csv:124,000,0.148027
blog_content_cleaned.csv:124,002,0.06651
blog_content_cleaned.csv:124,004,0.056717
blog_content_cleaned.csv:159,002,0.445427
blog_content_cleaned.csv:159,000,0.293969
blog_content_cleaned.csv:159,006,0.138885
blog_content_cleaned.csv:159,001,0.12172
blog_content_cleaned.csv:224,001,0.760696
blog_content_cleaned.csv:224,007,0.178502
blog_content_cleaned.csv:224,002,0.055862
blog_content_cleaned.csv:224,003,0.00494
blog_content_cleaned.csv:259,008,0.574236
blog_content_cleaned.csv:259,005,0.332223
blog_content_cleaned.csv:259,000,0.093541
blog_content_cleaned.csv:294,003,0.490003
blog_content_cleaned.csv:294,002,0.405638
blog_content_cleaned.csv:294,000,0.104359
blog_content_cleaned.csv:329,008,0.554704
blog_content_cleaned.csv:329,001,0.360776
blog_content_cleaned.csv:329,007,0.08452
blog_content_cleaned.csv:364,007,0.614554
blog_content_cleaned.csv:364,005,0.281817
blog_content_cleaned.csv:364,002,0.059132
blog_content_cleaned.csv:364,008,0.044497
blog_content_cleaned.csv:2,005,0.427079
blog_content_cleaned.csv:2,007,0.313007
blog_content_cleaned.csv:2,000,0.259914
blog_content_cleaned.csv:37,002,1.0
blog_content_cleaned.csv:72,001,0.79601
blog_content_cleaned.csv:72,008,0.103761
blog_content_cleaned.csv:72,007,0.100228
blog_content_cleaned.csv:107,004,0.34529
blog_content_cleaned.csv:107,002,0.196119
blog_content_cleaned.csv:107,008,0.187297
blog_content_cleaned.csv:107,007,0.100954
blog_content_cleaned.csv:107,003,0.094252
blog_content_cleaned.csv:107,005,0.076089
blog_content_cleaned.csv:142,003,0.405767
blog_content_cleaned.csv:142,001,0.324981
blog_content_cleaned.csv:142,007,0.139387
blog_content_cleaned.csv:142,002,0.07751
blog_content_cleaned.csv:142,005,0.052355
blog_content_cleaned.csv:177,007,0.585712
blog_content_cleaned.csv:177,004,0.334061
blog_content_cleaned.csv:177,006,0.080227
blog_content_cleaned.csv:207,001,0.602262
blog_content_cleaned.csv:207,007,0.209727
blog_content_cleaned.csv:207,002,0.159495
blog_content_cleaned.csv:207,003,0.028516
blog_content_cleaned.csv:242,008,0.292691
blog_content_cleaned.csv:242,005,0.272689
blog_content_cleaned.csv:242,004,0.221341
blog_content_cleaned.csv:242,002,0.213279
blog_content_cleaned.csv:277,001,0.305755
blog_content_cleaned.csv:277,004,0.303249
blog_content_cleaned.csv:277,002,0.25319
blog_content_cleaned.csv:277,007,0.110824
blog_content_cleaned.csv:277,000,0.026981
blog_content_cleaned.csv:312,005,0.323782
blog_content_cleaned.csv:312,001,0.209169
blog_content_cleaned.csv:312,006,0.179538
blog_content_cleaned.csv:312,000,0.15386
blog_content_cleaned.csv:312,007,0.133651
blog_content_cleaned.csv:347,006,0.545989
blog_content_cleaned.csv:347,005,0.224091
blog_content_cleaned.csv:347,000,0.122855
blog_content_cleaned.csv:347,001,0.107066
blog_content_cleaned.csv:382,001,0.751431
blog_content_cleaned.csv:382,007,0.248569
blog_content_cleaned.csv:9,000,0.486869
blog_content_cleaned.csv:9,003,0.214668
blog_content_cleaned.csv:9,008,0.197307
blog_content_cleaned.csv:9,007,0.101155
blog_content_cleaned.csv:44,001,0.873101
blog_content_cleaned.csv:44,005,0.07799
blog_content_cleaned.csv:44,002,0.048909
blog_content_cleaned.csv:79,007,0.511212
blog_content_cleaned.csv:79,003,0.186865
blog_content_cleaned.csv:79,002,0.127623
blog_content_cleaned.csv:79,000,0.095845
blog_content_cleaned.csv:79,005,0.078455
blog_content_cleaned.csv:114,005,0.545206
blog_content_cleaned.csv:114,006,0.164823
blog_content_cleaned.csv:114,004,0.147853
blog_content_cleaned.csv:114,008,0.142118
blog_content_cleaned.csv:149,000,0.626794
blog_content_cleaned.csv:149,004,0.239798
blog_content_cleaned.csv:149,005,0.097511
blog_content_cleaned.csv:149,006,0.035898
blog_content_cleaned.csv:184,005,0.790834
blog_content_cleaned.csv:184,004,0.148763
blog_content_cleaned.csv:184,003,0.060403
blog_content_cleaned.csv:214,005,0.406592
blog_content_cleaned.csv:214,001,0.313943
blog_content_cleaned.csv:214,006,0.118872
blog_content_cleaned.csv:214,008,0.109608
blog_content_cleaned.csv:214,004,0.050986
blog_content_cleaned.csv:249,002,0.804362
blog_content_cleaned.csv:249,008,0.180325
blog_content_cleaned.csv:249,007,0.015313
blog_content_cleaned.csv:284,005,0.445968
blog_content_cleaned.csv:284,004,0.416139
blog_content_cleaned.csv:284,002,0.137893
blog_content_cleaned.csv:319,007,0.316589
blog_content_cleaned.csv:319,002,0.308248
blog_content_cleaned.csv:319,000,0.211358
blog_content_cleaned.csv:319,003,0.163804
blog_content_cleaned.csv:354,003,0.546538
blog_content_cleaned.csv:354,004,0.453462
blog_content_cleaned.csv:389,003,0.669477
blog_content_cleaned.csv:389,006,0.262748
blog_content_cleaned.csv:389,007,0.060645
blog_content_cleaned.csv:389,001,0.007129
blog_content_cleaned.csv:12,004,0.69161
blog_content_cleaned.csv:12,005,0.176529
blog_content_cleaned.csv:12,006,0.07825
blog_content_cleaned.csv:12,008,0.053612
blog_content_cleaned.csv:47,002,0.690435
blog_content_cleaned.csv:47,001,0.149351
blog_content_cleaned.csv:47,007,0.084968
blog_content_cleaned.csv:47,005,0.075246
blog_content_cleaned.csv:82,001,0.738995
blog_content_cleaned.csv:82,007,0.137694
blog_content_cleaned.csv:82,002,0.123312
blog_content_cleaned.csv:117,002,0.708448
blog_content_cleaned.csv:117,000,0.162435
blog_content_cleaned.csv:117,008,0.129117
blog_content_cleaned.csv:152,007,0.698922
blog_content_cleaned.csv:152,003,0.11494
blog_content_cleaned.csv:152,005,0.095049
blog_content_cleaned.csv:152,001,0.091089
blog_content_cleaned.csv:187,008,0.875514
blog_content_cleaned.csv:187,004,0.107405
blog_content_cleaned.csv:187,001,0.01708
blog_content_cleaned.csv:217,008,0.552165
blog_content_cleaned.csv:217,004,0.37104
blog_content_cleaned.csv:217,001,0.072053
blog_content_cleaned.csv:217,003,0.004742
blog_content_cleaned.csv:252,007,0.439815
blog_content_cleaned.csv:252,006,0.29231
blog_content_cleaned.csv:252,004,0.221928
blog_content_cleaned.csv:252,002,0.045948
blog_content_cleaned.csv:287,008,0.522361
blog_content_cleaned.csv:287,007,0.304536
blog_content_cleaned.csv:287,005,0.105409
blog_content_cleaned.csv:287,002,0.067694
blog_content_cleaned.csv:322,001,0.683714
blog_content_cleaned.csv:322,003,0.316286
blog_content_cleaned.csv:357,002,0.532715
blog_content_cleaned.csv:357,000,0.42409
blog_content_cleaned.csv:357,005,0.043194
blog_content_cleaned.csv:4,006,0.654351
blog_content_cleaned.csv:4,005,0.13597
blog_content_cleaned.csv:4,008,0.112498
blog_content_cleaned.csv:4,004,0.097181
blog_content_cleaned.csv:39,000,0.470148
blog_content_cleaned.csv:39,003,0.322105
blog_content_cleaned.csv:39,007,0.207747
blog_content_cleaned.csv:74,000,0.985977
blog_content_cleaned.csv:74,001,0.014023
blog_content_cleaned.csv:109,005,0.712784
blog_content_cleaned.csv:109,002,0.216917
blog_content_cleaned.csv:109,007,0.070299
blog_content_cleaned.csv:144,005,0.901121
blog_content_cleaned.csv:144,008,0.050761
blog_content_cleaned.csv:144,000,0.02515
blog_content_cleaned.csv:144,004,0.022969
blog_content_cleaned.csv:179,002,0.556089
blog_content_cleaned.csv:179,001,0.242841
blog_content_cleaned.csv:179,003,0.101689
blog_content_cleaned.csv:179,006,0.084999
blog_content_cleaned.csv:179,000,0.014381
blog_content_cleaned.csv:209,006,0.4986
blog_content_cleaned.csv:209,002,0.264162
blog_content_cleaned.csv:209,004,0.158539
blog_content_cleaned.csv:209,008,0.078699
blog_content_cleaned.csv:244,001,0.462049
blog_content_cleaned.csv:244,002,0.451664
blog_content_cleaned.csv:244,007,0.086287
blog_content_cleaned.csv:279,005,0.328658
blog_content_cleaned.csv:279,000,0.268217
blog_content_cleaned.csv:279,002,0.17096
blog_content_cleaned.csv:279,006,0.104394
blog_content_cleaned.csv:279,004,0.087412
blog_content_cleaned.csv:279,007,0.040359
blog_content_cleaned.csv:314,003,0.706486
blog_content_cleaned.csv:314,004,0.148859
blog_content_cleaned.csv:314,006,0.120881
blog_content_cleaned.csv:314,005,0.023774
blog_content_cleaned.csv:349,006,0.932094
blog_content_cleaned.csv:349,000,0.067906
blog_content_cleaned.csv:384,002,0.655508
blog_content_cleaned.csv:384,000,0.245948
blog_content_cleaned.csv:384,003,0.098545
blog_content_cleaned.csv:10,002,0.567125
blog_content_cleaned.csv:10,005,0.290347
blog_content_cleaned.csv:10,001,0.142528
blog_content_cleaned.csv:45,002,0.499836
blog_content_cleaned.csv:45,003,0.372798
blog_content_cleaned.csv:45,000,0.127366
blog_content_cleaned.csv:80,007,0.5219
blog_content_cleaned.csv:80,001,0.257148
blog_content_cleaned.csv:80,000,0.092578
blog_content_cleaned.csv:80,005,0.070543
blog_content_cleaned.csv:80,008,0.057831
blog_content_cleaned.csv:115,007,0.575688
blog_content_cleaned.csv:115,003,0.392908
blog_content_cleaned.csv:115,000,0.031405
blog_content_cleaned.csv:150,005,0.410464
blog_content_cleaned.csv:150,001,0.246845
blog_content_cleaned.csv:150,007,0.198281
blog_content_cleaned.csv:150,003,0.14441
blog_content_cleaned.csv:185,000,0.808354
blog_content_cleaned.csv:185,008,0.123006
blog_content_cleaned.csv:185,002,0.06864
blog_content_cleaned.csv:215,004,0.511112
blog_content_cleaned.csv:215,000,0.438853
blog_content_cleaned.csv:215,008,0.050035
blog_content_cleaned.csv:250,003,0.675637
blog_content_cleaned.csv:250,001,0.176072
blog_content_cleaned.csv:250,000,0.148292
blog_content_cleaned.csv:285,002,0.759854
blog_content_cleaned.csv:285,005,0.217915
blog_content_cleaned.csv:285,001,0.018184
blog_content_cleaned.csv:285,007,0.004047
blog_content_cleaned.csv:320,007,0.737902
blog_content_cleaned.csv:320,003,0.114379
blog_content_cleaned.csv:320,000,0.082818
blog_content_cleaned.csv:320,002,0.064901
blog_content_cleaned.csv:355,008,0.638053
blog_content_cleaned.csv:355,006,0.171752
blog_content_cleaned.csv:355,002,0.107186
blog_content_cleaned.csv:355,007,0.083009
blog_content_cleaned.csv:390,008,0.803011
blog_content_cleaned.csv:390,002,0.167899
blog_content_cleaned.csv:390,001,0.02909
blog_content_cleaned.csv:29,003,0.506205
blog_content_cleaned.csv:29,007,0.369114
blog_content_cleaned.csv:29,000,0.106649
blog_content_cleaned.csv:29,008,0.018032
blog_content_cleaned.csv:64,004,0.366542
blog_content_cleaned.csv:64,003,0.364854
blog_content_cleaned.csv:64,005,0.168657
blog_content_cleaned.csv:64,006,0.099947
blog_content_cleaned.csv:99,004,0.528885
blog_content_cleaned.csv:99,000,0.39032
blog_content_cleaned.csv:99,008,0.080795
blog_content_cleaned.csv:134,005,0.432656
blog_content_cleaned.csv:134,008,0.267943
blog_content_cleaned.csv:134,000,0.258882
blog_content_cleaned.csv:134,002,0.040519
blog_content_cleaned.csv:169,006,0.69074
blog_content_cleaned.csv:169,003,0.138223
blog_content_cleaned.csv:169,008,0.088626
blog_content_cleaned.csv:169,001,0.082412
blog_content_cleaned.csv:199,000,0.606186
blog_content_cleaned.csv:199,006,0.32324
blog_content_cleaned.csv:199,008,0.070574
blog_content_cleaned.csv:234,002,0.711311
blog_content_cleaned.csv:234,000,0.137925
blog_content_cleaned.csv:234,008,0.105348
blog_content_cleaned.csv:234,007,0.045415
blog_content_cleaned.csv:269,005,1.0
blog_content_cleaned.csv:304,002,0.6168
blog_content_cleaned.csv:304,007,0.3832
blog_content_cleaned.csv:339,002,0.53805
blog_content_cleaned.csv:339,000,0.179533
blog_content_cleaned.csv:339,005,0.129409
blog_content_cleaned.csv:339,008,0.124908
blog_content_cleaned.csv:339,007,0.0281
blog_content_cleaned.csv:374,001,1.0
blog_content_cleaned.csv:33,006,0.584301
blog_content_cleaned.csv:33,005,0.367958
blog_content_cleaned.csv:33,008,0.03909
blog_content_cleaned.csv:33,003,0.008652
blog_content_cleaned.csv:68,000,0.989134
blog_content_cleaned.csv:68,002,0.010866
blog_content_cleaned.csv:103,005,0.602648
blog_content_cleaned.csv:103,002,0.238968
blog_content_cleaned.csv:103,008,0.158384
blog_content_cleaned.csv:138,002,0.532831
blog_content_cleaned.csv:138,005,0.210573
blog_content_cleaned.csv:138,008,0.144414
blog_content_cleaned.csv:138,003,0.112183
blog_content_cleaned.csv:173,007,1.0
blog_content_cleaned.csv:203,008,0.739924
blog_content_cleaned.csv:203,005,0.181259
blog_content_cleaned.csv:203,007,0.078817
blog_content_cleaned.csv:238,000,0.944875
blog_content_cleaned.csv:238,005,0.0529
blog_content_cleaned.csv:238,002,0.002225
blog_content_cleaned.csv:273,002,0.830365
blog_content_cleaned.csv:273,000,0.084308
blog_content_cleaned.csv:273,007,0.056399
blog_content_cleaned.csv:273,005,0.028928
blog_content_cleaned.csv:308,006,0.422739
blog_content_cleaned.csv:308,001,0.193277
blog_content_cleaned.csv:308,005,0.177705
blog_content_cleaned.csv:308,000,0.11798
blog_content_cleaned.csv:308,007,0.088298
blog_content_cleaned.csv:343,007,0.738512
blog_content_cleaned.csv:343,000,0.159255
blog_content_cleaned.csv:343,003,0.102233
blog_content_cleaned.csv:378,001,0.480406
blog_content_cleaned.csv:378,007,0.249922
blog_content_cleaned.csv:378,002,0.196372
blog_content_cleaned.csv:378,006,0.0733
blog_content_cleaned.csv:6,003,0.366955
blog_content_cleaned.csv:6,001,0.326262
blog_content_cleaned.csv:6,000,0.306783
blog_content_cleaned.csv:41,001,0.791813
blog_content_cleaned.csv:41,005,0.118246
blog_content_cleaned.csv:41,002,0.089941
blog_content_cleaned.csv:76,007,0.695261
blog_content_cleaned.csv:76,005,0.272534
blog_content_cleaned.csv:76,002,0.032206
blog_content_cleaned.csv:111,002,0.746548
blog_content_cleaned.csv:111,005,0.249995
blog_content_cleaned.csv:111,007,0.003457
blog_content_cleaned.csv:146,008,0.753144
blog_content_cleaned.csv:146,004,0.138427
blog_content_cleaned.csv:146,002,0.10843
blog_content_cleaned.csv:181,005,0.535736
blog_content_cleaned.csv:181,006,0.277064
blog_content_cleaned.csv:181,008,0.100391
blog_content_cleaned.csv:181,003,0.086808
blog_content_cleaned.csv:211,001,0.542105
blog_content_cleaned.csv:211,002,0.372888
blog_content_cleaned.csv:211,007,0.085007
blog_content_cleaned.csv:246,008,0.986849
blog_content_cleaned.csv:246,006,0.013151
blog_content_cleaned.csv:281,005,0.769312
blog_content_cleaned.csv:281,008,0.113314
blog_content_cleaned.csv:281,006,0.088359
blog_content_cleaned.csv:281,001,0.029016
blog_content_cleaned.csv:316,006,0.781237
blog_content_cleaned.csv:316,000,0.178861
blog_content_cleaned.csv:316,007,0.039902
blog_content_cleaned.csv:351,007,0.523684
blog_content_cleaned.csv:351,003,0.476316
blog_content_cleaned.csv:386,000,0.530126
blog_content_cleaned.csv:386,006,0.231081
blog_content_cleaned.csv:386,003,0.19874
blog_content_cleaned.csv:386,002,0.040053
blog_content_cleaned.csv:23,008,0.493594
blog_content_cleaned.csv:23,006,0.3212
blog_content_cleaned.csv:23,002,0.185206
blog_content_cleaned.csv:58,002,0.449701
blog_content_cleaned.csv:58,008,0.290442
blog_content_cleaned.csv:58,001,0.178544
blog_content_cleaned.csv:58,005,0.081313
blog_content_cleaned.csv:93,008,0.857874
blog_content_cleaned.csv:93,001,0.120041
blog_content_cleaned.csv:93,003,0.022085
blog_content_cleaned.csv:128,000,0.29432
blog_content_cleaned.csv:128,007,0.288549
blog_content_cleaned.csv:128,008,0.229004
blog_content_cleaned.csv:128,006,0.188127
blog_content_cleaned.csv:163,005,0.946501
blog_content_cleaned.csv:163,001,0.032119
blog_content_cleaned.csv:163,002,0.021379
blog_content_cleaned.csv:193,007,0.594525
blog_content_cleaned.csv:193,005,0.405475
blog_content_cleaned.csv:228,008,0.956392
blog_content_cleaned.csv:228,003,0.043608
blog_content_cleaned.csv:263,006,0.603715
blog_content_cleaned.csv:263,005,0.214883
blog_content_cleaned.csv:263,002,0.107395
blog_content_cleaned.csv:263,008,0.074008
blog_content_cleaned.csv:298,007,0.657492
blog_content_cleaned.csv:298,003,0.273154
blog_content_cleaned.csv:298,000,0.069353
blog_content_cleaned.csv:333,001,0.506009
blog_content_cleaned.csv:333,007,0.281738
blog_content_cleaned.csv:333,002,0.212253
blog_content_cleaned.csv:368,002,0.540135
blog_content_cleaned.csv:368,008,0.27415
blog_content_cleaned.csv:368,001,0.185714
blog_content_cleaned.csv:32,003,0.551365
blog_content_cleaned.csv:32,007,0.389616
blog_content_cleaned.csv:32,000,0.042799
blog_content_cleaned.csv:32,001,0.01622
blog_content_cleaned.csv:67,001,0.424898
blog_content_cleaned.csv:67,002,0.228309
blog_content_cleaned.csv:67,005,0.209361
blog_content_cleaned.csv:67,003,0.137431
blog_content_cleaned.csv:102,007,0.27498
blog_content_cleaned.csv:102,006,0.224765
blog_content_cleaned.csv:102,008,0.168407
blog_content_cleaned.csv:102,004,0.162739
blog_content_cleaned.csv:102,003,0.112841
blog_content_cleaned.csv:102,002,0.056269
blog_content_cleaned.csv:137,001,0.771768
blog_content_cleaned.csv:137,003,0.201336
blog_content_cleaned.csv:137,005,0.024658
blog_content_cleaned.csv:137,008,0.002237
blog_content_cleaned.csv:172,005,0.843721
blog_content_cleaned.csv:172,004,0.156279
blog_content_cleaned.csv:202,008,0.350648
blog_content_cleaned.csv:202,007,0.295633
blog_content_cleaned.csv:202,003,0.262209
blog_content_cleaned.csv:202,006,0.091509
blog_content_cleaned.csv:237,001,0.491036
blog_content_cleaned.csv:237,005,0.372425
blog_content_cleaned.csv:237,002,0.096048
blog_content_cleaned.csv:237,007,0.040492
blog_content_cleaned.csv:272,003,0.634871
blog_content_cleaned.csv:272,001,0.207435
blog_content_cleaned.csv:272,002,0.114435
blog_content_cleaned.csv:272,005,0.043259
blog_content_cleaned.csv:307,007,0.357791
blog_content_cleaned.csv:307,004,0.268089
blog_content_cleaned.csv:307,002,0.238228
blog_content_cleaned.csv:307,006,0.068577
blog_content_cleaned.csv:307,008,0.067315
blog_content_cleaned.csv:342,002,0.433231
blog_content_cleaned.csv:342,005,0.395849
blog_content_cleaned.csv:342,000,0.170919
blog_content_cleaned.csv:377,004,0.862834
blog_content_cleaned.csv:377,003,0.133164
blog_content_cleaned.csv:377,002,0.004003
blog_content_cleaned.csv:25,005,0.898041
blog_content_cleaned.csv:25,006,0.052854
blog_content_cleaned.csv:25,008,0.049105
blog_content_cleaned.csv:60,007,0.729927
blog_content_cleaned.csv:60,001,0.270073
blog_content_cleaned.csv:95,001,0.583298
blog_content_cleaned.csv:95,008,0.242852
blog_content_cleaned.csv:95,005,0.173849
blog_content_cleaned.csv:130,007,0.340845
blog_content_cleaned.csv:130,008,0.229439
blog_content_cleaned.csv:130,003,0.216131
blog_content_cleaned.csv:130,000,0.107989
blog_content_cleaned.csv:130,001,0.105596
blog_content_cleaned.csv:165,001,0.672267
blog_content_cleaned.csv:165,003,0.285363
blog_content_cleaned.csv:165,005,0.042371
blog_content_cleaned.csv:195,006,0.375825
blog_content_cleaned.csv:195,008,0.251255
blog_content_cleaned.csv:195,004,0.19907
blog_content_cleaned.csv:195,007,0.164288
blog_content_cleaned.csv:195,000,0.009562
blog_content_cleaned.csv:230,000,0.448031
blog_content_cleaned.csv:230,008,0.256458
blog_content_cleaned.csv:230,005,0.224343
blog_content_cleaned.csv:230,007,0.071168
blog_content_cleaned.csv:265,001,0.390303
blog_content_cleaned.csv:265,008,0.347141
blog_content_cleaned.csv:265,002,0.117193
blog_content_cleaned.csv:265,000,0.091158
blog_content_cleaned.csv:265,007,0.054206
blog_content_cleaned.csv:300,008,0.462743
blog_content_cleaned.csv:300,004,0.189618
blog_content_cleaned.csv:300,006,0.158067
blog_content_cleaned.csv:300,005,0.108988
blog_content_cleaned.csv:300,001,0.080583
blog_content_cleaned.csv:335,006,0.760395
blog_content_cleaned.csv:335,008,0.239605
blog_content_cleaned.csv:370,005,0.996662
blog_content_cleaned.csv:370,004,0.003338
blog_content_cleaned.csv:0,008,0.601266
blog_content_cleaned.csv:0,000,0.329138
blog_content_cleaned.csv:0,007,0.069596
blog_content_cleaned.csv:35,008,0.86599
blog_content_cleaned.csv:35,005,0.084951
blog_content_cleaned.csv:35,003,0.049058
blog_content_cleaned.csv:70,006,0.312003
blog_content_cleaned.csv:70,000,0.243825
blog_content_cleaned.csv:70,005,0.17571
blog_content_cleaned.csv:70,007,0.16789
blog_content_cleaned.csv:70,003,0.100571
blog_content_cleaned.csv:105,002,0.450711
blog_content_cleaned.csv:105,000,0.269968
blog_content_cleaned.csv:105,006,0.110706
blog_content_cleaned.csv:105,008,0.100314
blog_content_cleaned.csv:105,004,0.068302
blog_content_cleaned.csv:140,006,0.74301
blog_content_cleaned.csv:140,008,0.163994
blog_content_cleaned.csv:140,005,0.092996
blog_content_cleaned.csv:175,008,0.440419
blog_content_cleaned.csv:175,001,0.26911
blog_content_cleaned.csv:175,000,0.168066
blog_content_cleaned.csv:175,005,0.122405
blog_content_cleaned.csv:205,008,0.313195
blog_content_cleaned.csv:205,001,0.287462
blog_content_cleaned.csv:205,005,0.209685
blog_content_cleaned.csv:205,000,0.149487
blog_content_cleaned.csv:205,007,0.040172
blog_content_cleaned.csv:240,001,0.624069
blog_content_cleaned.csv:240,008,0.215146
blog_content_cleaned.csv:240,005,0.10051
blog_content_cleaned.csv:240,004,0.060275
blog_content_cleaned.csv:275,002,0.735118
blog_content_cleaned.csv:275,000,0.08885
blog_content_cleaned.csv:275,007,0.079033
blog_content_cleaned.csv:275,005,0.054834
blog_content_cleaned.csv:275,003,0.042165
blog_content_cleaned.csv:310,007,0.670033
blog_content_cleaned.csv:310,006,0.127579
blog_content_cleaned.csv:310,000,0.097591
blog_content_cleaned.csv:310,003,0.053389
blog_content_cleaned.csv:310,008,0.051408
blog_content_cleaned.csv:345,003,0.419067
blog_content_cleaned.csv:345,007,0.308154
blog_content_cleaned.csv:345,005,0.160216
blog_content_cleaned.csv:345,002,0.112563
blog_content_cleaned.csv:380,005,0.306009
blog_content_cleaned.csv:380,007,0.275516
blog_content_cleaned.csv:380,004,0.167792
blog_content_cleaned.csv:380,003,0.152211
blog_content_cleaned.csv:380,006,0.098473
blog_content_cleaned.csv:15,002,0.925744
blog_content_cleaned.csv:15,006,0.074256
blog_content_cleaned.csv:50,002,0.458995
blog_content_cleaned.csv:50,003,0.293744
blog_content_cleaned.csv:50,007,0.247261
blog_content_cleaned.csv:85,002,0.40673
blog_content_cleaned.csv:85,005,0.318419
blog_content_cleaned.csv:85,008,0.145569
blog_content_cleaned.csv:85,007,0.09048
blog_content_cleaned.csv:85,001,0.038801
blog_content_cleaned.csv:120,002,0.508564
blog_content_cleaned.csv:120,003,0.232714
blog_content_cleaned.csv:120,008,0.187371
blog_content_cleaned.csv:120,006,0.071351
blog_content_cleaned.csv:155,008,0.43354
blog_content_cleaned.csv:155,002,0.365688
blog_content_cleaned.csv:155,005,0.138505
blog_content_cleaned.csv:155,003,0.062267
blog_content_cleaned.csv:220,004,0.534618
blog_content_cleaned.csv:220,007,0.420969
blog_content_cleaned.csv:220,001,0.044413
blog_content_cleaned.csv:255,000,0.306942
blog_content_cleaned.csv:255,001,0.251433
blog_content_cleaned.csv:255,004,0.204299
blog_content_cleaned.csv:255,007,0.123758
blog_content_cleaned.csv:255,005,0.05745
blog_content_cleaned.csv:255,002,0.056119
blog_content_cleaned.csv:290,001,0.343081
blog_content_cleaned.csv:290,008,0.292394
blog_content_cleaned.csv:290,004,0.290798
blog_content_cleaned.csv:290,000,0.073727
blog_content_cleaned.csv:325,006,0.444203
blog_content_cleaned.csv:325,005,0.344337
blog_content_cleaned.csv:325,000,0.124683
blog_content_cleaned.csv:325,007,0.086776
blog_content_cleaned.csv:360,008,0.33516
blog_content_cleaned.csv:360,006,0.328678
blog_content_cleaned.csv:360,002,0.151383
blog_content_cleaned.csv:360,007,0.136527
blog_content_cleaned.csv:360,001,0.048252
blog_content_cleaned.csv:18,000,0.644857
blog_content_cleaned.csv:18,002,0.192145
blog_content_cleaned.csv:18,007,0.162997
blog_content_cleaned.csv:53,002,0.46729
blog_content_cleaned.csv:53,005,0.319216
blog_content_cleaned.csv:53,000,0.176484
blog_content_cleaned.csv:53,001,0.03701
blog_content_cleaned.csv:88,001,0.826416
blog_content_cleaned.csv:88,006,0.133131
blog_content_cleaned.csv:88,007,0.040453
blog_content_cleaned.csv:123,005,0.774989
blog_content_cleaned.csv:123,007,0.13207
blog_content_cleaned.csv:123,001,0.063545
blog_content_cleaned.csv:123,002,0.029396
blog_content_cleaned.csv:158,001,0.73868
blog_content_cleaned.csv:158,003,0.240919
blog_content_cleaned.csv:158,005,0.020401
blog_content_cleaned.csv:223,000,0.537072
blog_content_cleaned.csv:223,008,0.239408
blog_content_cleaned.csv:223,003,0.22352
blog_content_cleaned.csv:258,007,0.301995
blog_content_cleaned.csv:258,008,0.273079
blog_content_cleaned.csv:258,001,0.222156
blog_content_cleaned.csv:258,004,0.20277
blog_content_cleaned.csv:293,002,0.548758
blog_content_cleaned.csv:293,008,0.195184
blog_content_cleaned.csv:293,007,0.176855
blog_content_cleaned.csv:293,006,0.072891
blog_content_cleaned.csv:293,001,0.006312
blog_content_cleaned.csv:328,007,0.774454
blog_content_cleaned.csv:328,005,0.14364
blog_content_cleaned.csv:328,002,0.081906
blog_content_cleaned.csv:363,004,0.586751
blog_content_cleaned.csv:363,002,0.306644
blog_content_cleaned.csv:363,001,0.106605
blog_content_cleaned.csv:31,003,0.498424
blog_content_cleaned.csv:31,001,0.43378
blog_content_cleaned.csv:31,002,0.067796
blog_content_cleaned.csv:66,003,0.741774
blog_content_cleaned.csv:66,001,0.258226
blog_content_cleaned.csv:101,007,0.846105
blog_content_cleaned.csv:101,003,0.095271
blog_content_cleaned.csv:101,000,0.058624
blog_content_cleaned.csv:136,002,0.675143
blog_content_cleaned.csv:136,000,0.202715
blog_content_cleaned.csv:136,001,0.122142
blog_content_cleaned.csv:171,006,0.330572
blog_content_cleaned.csv:171,005,0.326716
blog_content_cleaned.csv:171,007,0.181203
blog_content_cleaned.csv:171,008,0.161509
blog_content_cleaned.csv:201,008,0.664528
blog_content_cleaned.csv:201,004,0.166762
blog_content_cleaned.csv:201,005,0.128293
blog_content_cleaned.csv:201,000,0.040417
blog_content_cleaned.csv:236,002,0.348728
blog_content_cleaned.csv:236,006,0.334727
blog_content_cleaned.csv:236,001,0.214341
blog_content_cleaned.csv:236,008,0.102204
blog_content_cleaned.csv:271,005,0.529564
blog_content_cleaned.csv:271,000,0.366283
blog_content_cleaned.csv:271,008,0.099687
blog_content_cleaned.csv:271,004,0.004465
blog_content_cleaned.csv:306,006,0.938538
blog_content_cleaned.csv:306,005,0.061462
blog_content_cleaned.csv:341,005,0.312658
blog_content_cleaned.csv:341,006,0.297376
blog_content_cleaned.csv:341,001,0.153368
blog_content_cleaned.csv:341,004,0.122376
blog_content_cleaned.csv:341,007,0.114222
blog_content_cleaned.csv:376,007,0.524497
blog_content_cleaned.csv:376,001,0.432269
blog_content_cleaned.csv:376,006,0.043234
blog_content_cleaned.csv:34,003,0.260359
blog_content_cleaned.csv:34,002,0.241781
blog_content_cleaned.csv:34,000,0.230783
blog_content_cleaned.csv:34,001,0.166562
blog_content_cleaned.csv:34,005,0.100515
blog_content_cleaned.csv:69,001,0.987838
blog_content_cleaned.csv:69,005,0.012162
blog_content_cleaned.csv:104,005,0.471657
blog_content_cleaned.csv:104,004,0.265892
blog_content_cleaned.csv:104,006,0.106541
blog_content_cleaned.csv:104,001,0.103167
blog_content_cleaned.csv:104,007,0.052743
blog_content_cleaned.csv:139,006,0.462707
blog_content_cleaned.csv:139,005,0.417924
blog_content_cleaned.csv:139,008,0.11937
blog_content_cleaned.csv:174,002,0.564142
blog_content_cleaned.csv:174,000,0.435858
blog_content_cleaned.csv:204,003,0.337168
blog_content_cleaned.csv:204,002,0.315959
blog_content_cleaned.csv:204,008,0.216082
blog_content_cleaned.csv:204,006,0.130791
blog_content_cleaned.csv:239,001,1.0
blog_content_cleaned.csv:274,003,0.383593
blog_content_cleaned.csv:274,002,0.255684
blog_content_cleaned.csv:274,000,0.242827
blog_content_cleaned.csv:274,005,0.117896
blog_content_cleaned.csv:309,006,0.61449
blog_content_cleaned.csv:309,001,0.153576
blog_content_cleaned.csv:309,003,0.122967
blog_content_cleaned.csv:309,005,0.108966
blog_content_cleaned.csv:344,006,0.497402
blog_content_cleaned.csv:344,007,0.334259
blog_content_cleaned.csv:344,001,0.168339
blog_content_cleaned.csv:379,003,0.524685
blog_content_cleaned.csv:379,007,0.467004
blog_content_cleaned.csv:379,001,0.008311
blog_content_cleaned.csv:17,000,0.721129
blog_content_cleaned.csv:17,002,0.169177
blog_content_cleaned.csv:17,008,0.109694
blog_content_cleaned.csv:52,007,0.329075
blog_content_cleaned.csv:52,001,0.312327
blog_content_cleaned.csv:52,008,0.294094
blog_content_cleaned.csv:52,000,0.064503
blog_content_cleaned.csv:87,002,0.487364
blog_content_cleaned.csv:87,007,0.265948
blog_content_cleaned.csv:87,003,0.159796
blog_content_cleaned.csv:87,001,0.086891
blog_content_cleaned.csv:122,008,0.438681
blog_content_cleaned.csv:122,002,0.419555
blog_content_cleaned.csv:122,000,0.118129
blog_content_cleaned.csv:122,005,0.023635
blog_content_cleaned.csv:157,006,0.79485
blog_content_cleaned.csv:157,003,0.135163
blog_content_cleaned.csv:157,005,0.069987
blog_content_cleaned.csv:222,007,0.845324
blog_content_cleaned.csv:222,003,0.079867
blog_content_cleaned.csv:222,001,0.074809
blog_content_cleaned.csv:257,005,0.886397
blog_content_cleaned.csv:257,003,0.078822
blog_content_cleaned.csv:257,008,0.034781
blog_content_cleaned.csv:292,005,0.431874
blog_content_cleaned.csv:292,001,0.326816
blog_content_cleaned.csv:292,006,0.24131
blog_content_cleaned.csv:327,004,0.29194
blog_content_cleaned.csv:327,002,0.274284
blog_content_cleaned.csv:327,001,0.269358
blog_content_cleaned.csv:327,000,0.102304
blog_content_cleaned.csv:327,005,0.062114
blog_content_cleaned.csv:362,002,0.663734
blog_content_cleaned.csv:362,001,0.2043
blog_content_cleaned.csv:362,007,0.072661
blog_content_cleaned.csv:362,003,0.059305
blog_content_cleaned.csv:13,001,0.954957
blog_content_cleaned.csv:13,003,0.045043
blog_content_cleaned.csv:48,008,0.623798
blog_content_cleaned.csv:48,004,0.271472
blog_content_cleaned.csv:48,005,0.055311
blog_content_cleaned.csv:48,000,0.049419
blog_content_cleaned.csv:83,000,0.557284
blog_content_cleaned.csv:83,001,0.292152
blog_content_cleaned.csv:83,003,0.150564
blog_content_cleaned.csv:118,005,0.324677
blog_content_cleaned.csv:118,004,0.274342
blog_content_cleaned.csv:118,001,0.260923
blog_content_cleaned.csv:118,008,0.140058
blog_content_cleaned.csv:153,001,0.430879
blog_content_cleaned.csv:153,000,0.262675
blog_content_cleaned.csv:153,006,0.164447
blog_content_cleaned.csv:153,007,0.081938
blog_content_cleaned.csv:153,008,0.060061
blog_content_cleaned.csv:188,005,0.899066
blog_content_cleaned.csv:188,002,0.100934
blog_content_cleaned.csv:218,001,0.783971
blog_content_cleaned.csv:218,005,0.209072
blog_content_cleaned.csv:218,002,0.006957
blog_content_cleaned.csv:253,002,0.282745
blog_content_cleaned.csv:253,007,0.1958
blog_content_cleaned.csv:253,006,0.183112
blog_content_cleaned.csv:253,008,0.142615
blog_content_cleaned.csv:253,005,0.118784
blog_content_cleaned.csv:253,003,0.076945
blog_content_cleaned.csv:288,001,0.619678
blog_content_cleaned.csv:288,005,0.144128
blog_content_cleaned.csv:288,008,0.126218
blog_content_cleaned.csv:288,004,0.070163
blog_content_cleaned.csv:288,006,0.039812
blog_content_cleaned.csv:323,001,0.44479
blog_content_cleaned.csv:323,002,0.272931
blog_content_cleaned.csv:323,007,0.263649
blog_content_cleaned.csv:323,008,0.01863
blog_content_cleaned.csv:358,006,0.833195
blog_content_cleaned.csv:358,000,0.166805
blog_content_cleaned.csv:27,001,0.835478
blog_content_cleaned.csv:27,002,0.08475
blog_content_cleaned.csv:27,005,0.079771
blog_content_cleaned.csv:62,002,0.743738
blog_content_cleaned.csv:62,008,0.215983
blog_content_cleaned.csv:62,007,0.04028
blog_content_cleaned.csv:97,008,0.7759
blog_content_cleaned.csv:97,006,0.0894
blog_content_cleaned.csv:97,004,0.083118
blog_content_cleaned.csv:97,001,0.051582
blog_content_cleaned.csv:132,007,0.922739
blog_content_cleaned.csv:132,003,0.077261
blog_content_cleaned.csv:167,002,0.743615
blog_content_cleaned.csv:167,001,0.202459
blog_content_cleaned.csv:167,005,0.053926
blog_content_cleaned.csv:197,003,0.394587
blog_content_cleaned.csv:197,001,0.26703
blog_content_cleaned.csv:197,005,0.169568
blog_content_cleaned.csv:197,007,0.168814
blog_content_cleaned.csv:232,000,1.0
blog_content_cleaned.csv:267,005,0.909586
blog_content_cleaned.csv:267,001,0.066578
blog_content_cleaned.csv:267,002,0.023836
blog_content_cleaned.csv:302,000,0.464072
blog_content_cleaned.csv:302,002,0.364272
blog_content_cleaned.csv:302,008,0.114547
blog_content_cleaned.csv:302,007,0.05711
blog_content_cleaned.csv:337,001,0.767472
blog_content_cleaned.csv:337,003,0.151533
blog_content_cleaned.csv:337,005,0.080995
blog_content_cleaned.csv:372,002,0.698594
blog_content_cleaned.csv:372,001,0.16837
blog_content_cleaned.csv:372,008,0.133037
blog_content_cleaned.csv:20,005,0.495832
blog_content_cleaned.csv:20,007,0.209815
blog_content_cleaned.csv:20,006,0.164614
blog_content_cleaned.csv:20,008,0.072761
blog_content_cleaned.csv:20,000,0.056977
blog_content_cleaned.csv:55,002,0.439272
blog_content_cleaned.csv:55,005,0.288437
blog_content_cleaned.csv:55,007,0.226592
blog_content_cleaned.csv:55,001,0.045699
blog_content_cleaned.csv:90,008,0.637593
blog_content_cleaned.csv:90,001,0.362407
blog_content_cleaned.csv:125,002,0.347631
blog_content_cleaned.csv:125,006,0.281095
blog_content_cleaned.csv:125,000,0.198699
blog_content_cleaned.csv:125,008,0.115349
blog_content_cleaned.csv:125,005,0.057226
blog_content_cleaned.csv:160,000,0.36515
blog_content_cleaned.csv:160,008,0.340102
blog_content_cleaned.csv:160,001,0.294749
blog_content_cleaned.csv:190,008,0.486917
blog_content_cleaned.csv:190,005,0.29182
blog_content_cleaned.csv:190,007,0.125245
blog_content_cleaned.csv:190,000,0.096017
blog_content_cleaned.csv:225,001,0.593062
blog_content_cleaned.csv:225,007,0.347308
blog_content_cleaned.csv:225,005,0.05963
blog_content_cleaned.csv:260,008,0.598512
blog_content_cleaned.csv:260,007,0.166253
blog_content_cleaned.csv:260,004,0.125574
blog_content_cleaned.csv:260,001,0.109661
blog_content_cleaned.csv:295,002,0.582016
blog_content_cleaned.csv:295,003,0.35509
blog_content_cleaned.csv:295,004,0.062894
blog_content_cleaned.csv:330,007,0.388353
blog_content_cleaned.csv:330,003,0.326838
blog_content_cleaned.csv:330,002,0.219325
blog_content_cleaned.csv:330,008,0.065484
blog_content_cleaned.csv:365,003,0.538415
blog_content_cleaned.csv:365,001,0.392835
blog_content_cleaned.csv:365,000,0.06875
