docname,topic,proportion
blog_content_cleaned.csv:2,008,0.460138
blog_content_cleaned.csv:2,006,0.292962
blog_content_cleaned.csv:2,009,0.167681
blog_content_cleaned.csv:2,000,0.079219
blog_content_cleaned.csv:37,003,0.995195
blog_content_cleaned.csv:37,000,0.004805
blog_content_cleaned.csv:72,001,0.717768
blog_content_cleaned.csv:72,006,0.154722
blog_content_cleaned.csv:72,004,0.120176
blog_content_cleaned.csv:72,002,0.007334
blog_content_cleaned.csv:107,002,0.424934
blog_content_cleaned.csv:107,004,0.252375
blog_content_cleaned.csv:107,003,0.235459
blog_content_cleaned.csv:107,006,0.087231
blog_content_cleaned.csv:142,002,0.567719
blog_content_cleaned.csv:142,006,0.161065
blog_content_cleaned.csv:142,001,0.130794
blog_content_cleaned.csv:142,003,0.113157
blog_content_cleaned.csv:142,009,0.027265
blog_content_cleaned.csv:177,008,0.933872
blog_content_cleaned.csv:177,005,0.066128
blog_content_cleaned.csv:207,001,0.710614
blog_content_cleaned.csv:207,006,0.127668
blog_content_cleaned.csv:207,005,0.10777
blog_content_cleaned.csv:207,003,0.053947
blog_content_cleaned.csv:242,003,0.504661
blog_content_cleaned.csv:242,004,0.33045
blog_content_cleaned.csv:242,009,0.121781
blog_content_cleaned.csv:242,008,0.043107
blog_content_cleaned.csv:277,005,0.28814
blog_content_cleaned.csv:277,003,0.285794
blog_content_cleaned.csv:277,001,0.230741
blog_content_cleaned.csv:277,006,0.100359
blog_content_cleaned.csv:277,002,0.094965
blog_content_cleaned.csv:312,009,0.323259
blog_content_cleaned.csv:312,001,0.213687
blog_content_cleaned.csv:312,007,0.167665
blog_content_cleaned.csv:312,000,0.137705
blog_content_cleaned.csv:312,006,0.106678
blog_content_cleaned.csv:312,002,0.051006
blog_content_cleaned.csv:347,007,0.535421
blog_content_cleaned.csv:347,009,0.209277
blog_content_cleaned.csv:347,000,0.098889
blog_content_cleaned.csv:347,003,0.084508
blog_content_cleaned.csv:347,001,0.071904
blog_content_cleaned.csv:382,001,0.654009
blog_content_cleaned.csv:382,006,0.204288
blog_content_cleaned.csv:382,002,0.141702
blog_content_cleaned.csv:7,009,0.418251
blog_content_cleaned.csv:7,001,0.367946
blog_content_cleaned.csv:7,003,0.144635
blog_content_cleaned.csv:7,004,0.069169
blog_content_cleaned.csv:42,005,0.497324
blog_content_cleaned.csv:42,003,0.199852
blog_content_cleaned.csv:42,001,0.13114
blog_content_cleaned.csv:42,009,0.117351
blog_content_cleaned.csv:42,007,0.054332
blog_content_cleaned.csv:77,000,0.446818
blog_content_cleaned.csv:77,001,0.324483
blog_content_cleaned.csv:77,005,0.131469
blog_content_cleaned.csv:77,009,0.09723
blog_content_cleaned.csv:112,000,0.608092
blog_content_cleaned.csv:112,009,0.219955
blog_content_cleaned.csv:112,003,0.122244
blog_content_cleaned.csv:112,007,0.049709
blog_content_cleaned.csv:147,001,0.261656
blog_content_cleaned.csv:147,007,0.259805
blog_content_cleaned.csv:147,003,0.223768
blog_content_cleaned.csv:147,005,0.186383
blog_content_cleaned.csv:147,002,0.068388
blog_content_cleaned.csv:182,000,0.392803
blog_content_cleaned.csv:182,004,0.271859
blog_content_cleaned.csv:182,006,0.174975
blog_content_cleaned.csv:182,007,0.067743
blog_content_cleaned.csv:182,002,0.047197
blog_content_cleaned.csv:182,003,0.045423
blog_content_cleaned.csv:212,001,0.414346
blog_content_cleaned.csv:212,008,0.29271
blog_content_cleaned.csv:212,004,0.150827
blog_content_cleaned.csv:212,006,0.142116
blog_content_cleaned.csv:247,000,0.313033
blog_content_cleaned.csv:247,004,0.218919
blog_content_cleaned.csv:247,001,0.168542
blog_content_cleaned.csv:247,008,0.161338
blog_content_cleaned.csv:247,006,0.088403
blog_content_cleaned.csv:247,007,0.049765
blog_content_cleaned.csv:282,003,0.430171
blog_content_cleaned.csv:282,007,0.199477
blog_content_cleaned.csv:282,001,0.11211
blog_content_cleaned.csv:282,002,0.108493
blog_content_cleaned.csv:282,008,0.087794
blog_content_cleaned.csv:282,009,0.061954
blog_content_cleaned.csv:317,005,0.525328
blog_content_cleaned.csv:317,001,0.21798
blog_content_cleaned.csv:317,008,0.151099
blog_content_cleaned.csv:317,007,0.105593
blog_content_cleaned.csv:352,007,0.87358
blog_content_cleaned.csv:352,000,0.12642
blog_content_cleaned.csv:387,002,0.952179
blog_content_cleaned.csv:387,001,0.047821
blog_content_cleaned.csv:24,008,0.797152
blog_content_cleaned.csv:24,006,0.092655
blog_content_cleaned.csv:24,004,0.081149
blog_content_cleaned.csv:24,007,0.027781
blog_content_cleaned.csv:24,009,0.001264
blog_content_cleaned.csv:59,000,0.585847
blog_content_cleaned.csv:59,009,0.266442
blog_content_cleaned.csv:59,008,0.147711
blog_content_cleaned.csv:94,002,0.451807
blog_content_cleaned.csv:94,009,0.366108
blog_content_cleaned.csv:94,007,0.120155
blog_content_cleaned.csv:94,001,0.06193
blog_content_cleaned.csv:129,006,0.481452
blog_content_cleaned.csv:129,004,0.295277
blog_content_cleaned.csv:129,000,0.15253
blog_content_cleaned.csv:129,002,0.070741
blog_content_cleaned.csv:164,004,0.439681
blog_content_cleaned.csv:164,000,0.211328
blog_content_cleaned.csv:164,002,0.112005
blog_content_cleaned.csv:164,008,0.089199
blog_content_cleaned.csv:164,003,0.058833
blog_content_cleaned.csv:164,006,0.054131
blog_content_cleaned.csv:164,009,0.034824
blog_content_cleaned.csv:194,009,0.614015
blog_content_cleaned.csv:194,005,0.202788
blog_content_cleaned.csv:194,003,0.183197
blog_content_cleaned.csv:229,004,0.980331
blog_content_cleaned.csv:229,003,0.019669
blog_content_cleaned.csv:264,001,0.391205
blog_content_cleaned.csv:264,004,0.357892
blog_content_cleaned.csv:264,008,0.159123
blog_content_cleaned.csv:264,009,0.051357
blog_content_cleaned.csv:264,003,0.040423
blog_content_cleaned.csv:299,007,0.975206
blog_content_cleaned.csv:299,002,0.024794
blog_content_cleaned.csv:334,002,0.606143
blog_content_cleaned.csv:334,006,0.15845
blog_content_cleaned.csv:334,003,0.136537
blog_content_cleaned.csv:334,000,0.09887
blog_content_cleaned.csv:369,002,0.489543
blog_content_cleaned.csv:369,001,0.194348
blog_content_cleaned.csv:369,008,0.19418
blog_content_cleaned.csv:369,006,0.121929
blog_content_cleaned.csv:29,002,0.429723
blog_content_cleaned.csv:29,006,0.408441
blog_content_cleaned.csv:29,000,0.161836
blog_content_cleaned.csv:64,005,0.345238
blog_content_cleaned.csv:64,009,0.239003
blog_content_cleaned.csv:64,002,0.199234
blog_content_cleaned.csv:64,000,0.075685
blog_content_cleaned.csv:64,006,0.048334
blog_content_cleaned.csv:64,007,0.047841
blog_content_cleaned.csv:64,004,0.044663
blog_content_cleaned.csv:99,005,0.396277
blog_content_cleaned.csv:99,000,0.333309
blog_content_cleaned.csv:99,004,0.124066
blog_content_cleaned.csv:99,003,0.077382
blog_content_cleaned.csv:99,009,0.068966
blog_content_cleaned.csv:134,009,0.511967
blog_content_cleaned.csv:134,000,0.215758
blog_content_cleaned.csv:134,004,0.207457
blog_content_cleaned.csv:134,003,0.064819
blog_content_cleaned.csv:169,007,0.692674
blog_content_cleaned.csv:169,004,0.145271
blog_content_cleaned.csv:169,001,0.109344
blog_content_cleaned.csv:169,002,0.052712
blog_content_cleaned.csv:199,000,0.547328
blog_content_cleaned.csv:199,007,0.359727
blog_content_cleaned.csv:199,004,0.092946
blog_content_cleaned.csv:234,003,0.553418
blog_content_cleaned.csv:234,000,0.304455
blog_content_cleaned.csv:234,004,0.09157
blog_content_cleaned.csv:234,006,0.050556
blog_content_cleaned.csv:269,009,0.997453
blog_content_cleaned.csv:269,000,0.002547
blog_content_cleaned.csv:304,003,0.541813
blog_content_cleaned.csv:304,006,0.392461
blog_content_cleaned.csv:304,001,0.065726
blog_content_cleaned.csv:339,008,0.563491
blog_content_cleaned.csv:339,003,0.28844
blog_content_cleaned.csv:339,000,0.073601
blog_content_cleaned.csv:339,009,0.046056
blog_content_cleaned.csv:339,004,0.028412
blog_content_cleaned.csv:374,001,1.0
blog_content_cleaned.csv:25,009,0.571048
blog_content_cleaned.csv:25,007,0.199325
blog_content_cleaned.csv:25,004,0.141934
blog_content_cleaned.csv:25,002,0.087693
blog_content_cleaned.csv:60,008,0.502844
blog_content_cleaned.csv:60,006,0.36767
blog_content_cleaned.csv:60,001,0.129485
blog_content_cleaned.csv:95,001,0.504103
blog_content_cleaned.csv:95,004,0.332964
blog_content_cleaned.csv:95,003,0.097149
blog_content_cleaned.csv:95,009,0.065784
blog_content_cleaned.csv:130,006,0.271835
blog_content_cleaned.csv:130,008,0.259929
blog_content_cleaned.csv:130,001,0.172157
blog_content_cleaned.csv:130,000,0.166343
blog_content_cleaned.csv:130,004,0.129736
blog_content_cleaned.csv:165,002,0.616796
blog_content_cleaned.csv:165,001,0.363587
blog_content_cleaned.csv:165,009,0.019617
blog_content_cleaned.csv:195,007,0.317292
blog_content_cleaned.csv:195,005,0.215556
blog_content_cleaned.csv:195,004,0.171661
blog_content_cleaned.csv:195,006,0.099523
blog_content_cleaned.csv:195,001,0.09904
blog_content_cleaned.csv:195,000,0.096928
blog_content_cleaned.csv:230,004,0.292748
blog_content_cleaned.csv:230,003,0.266688
blog_content_cleaned.csv:230,008,0.205092
blog_content_cleaned.csv:230,000,0.191109
blog_content_cleaned.csv:230,009,0.044362
blog_content_cleaned.csv:265,001,0.405726
blog_content_cleaned.csv:265,004,0.298025
blog_content_cleaned.csv:265,000,0.135206
blog_content_cleaned.csv:265,008,0.058051
blog_content_cleaned.csv:265,009,0.053896
blog_content_cleaned.csv:265,003,0.049096
blog_content_cleaned.csv:300,004,0.396245
blog_content_cleaned.csv:300,008,0.139257
blog_content_cleaned.csv:300,005,0.1168
blog_content_cleaned.csv:300,009,0.116644
blog_content_cleaned.csv:300,007,0.106587
blog_content_cleaned.csv:300,001,0.088498
blog_content_cleaned.csv:300,003,0.035967
blog_content_cleaned.csv:335,007,0.74574
blog_content_cleaned.csv:335,004,0.25426
blog_content_cleaned.csv:370,009,0.902266
blog_content_cleaned.csv:370,008,0.097734
blog_content_cleaned.csv:34,002,0.643339
blog_content_cleaned.csv:34,003,0.282012
blog_content_cleaned.csv:34,009,0.050262
blog_content_cleaned.csv:34,006,0.024387
blog_content_cleaned.csv:69,001,0.982527
blog_content_cleaned.csv:69,009,0.017473
blog_content_cleaned.csv:104,009,0.322836
blog_content_cleaned.csv:104,007,0.275189
blog_content_cleaned.csv:104,005,0.168762
blog_content_cleaned.csv:104,001,0.138195
blog_content_cleaned.csv:104,006,0.095017
blog_content_cleaned.csv:139,007,0.522995
blog_content_cleaned.csv:139,009,0.277367
blog_content_cleaned.csv:139,004,0.120969
blog_content_cleaned.csv:139,008,0.078669
blog_content_cleaned.csv:174,003,0.789346
blog_content_cleaned.csv:174,000,0.210654
blog_content_cleaned.csv:204,000,0.408123
blog_content_cleaned.csv:204,008,0.256344
blog_content_cleaned.csv:204,004,0.183714
blog_content_cleaned.csv:204,001,0.151818
blog_content_cleaned.csv:239,001,1.0
blog_content_cleaned.csv:274,000,0.337388
blog_content_cleaned.csv:274,003,0.211259
blog_content_cleaned.csv:274,002,0.181767
blog_content_cleaned.csv:274,009,0.157017
blog_content_cleaned.csv:274,006,0.069622
blog_content_cleaned.csv:274,004,0.042947
blog_content_cleaned.csv:309,007,0.615622
blog_content_cleaned.csv:309,001,0.217059
blog_content_cleaned.csv:309,009,0.114495
blog_content_cleaned.csv:309,004,0.052825
blog_content_cleaned.csv:344,007,0.465352
blog_content_cleaned.csv:344,006,0.268695
blog_content_cleaned.csv:344,001,0.148447
blog_content_cleaned.csv:344,003,0.117506
blog_content_cleaned.csv:379,002,0.56817
blog_content_cleaned.csv:379,006,0.321496
blog_content_cleaned.csv:379,008,0.110334
blog_content_cleaned.csv:30,009,0.408237
blog_content_cleaned.csv:30,003,0.250503
blog_content_cleaned.csv:30,002,0.208663
blog_content_cleaned.csv:30,008,0.132596
blog_content_cleaned.csv:65,002,0.563501
blog_content_cleaned.csv:65,001,0.34588
blog_content_cleaned.csv:65,009,0.090619
blog_content_cleaned.csv:100,002,0.565602
blog_content_cleaned.csv:100,001,0.176381
blog_content_cleaned.csv:100,005,0.139362
blog_content_cleaned.csv:100,009,0.118656
blog_content_cleaned.csv:135,007,0.776338
blog_content_cleaned.csv:135,009,0.151365
blog_content_cleaned.csv:135,004,0.050747
blog_content_cleaned.csv:135,002,0.02155
blog_content_cleaned.csv:170,003,1.0
blog_content_cleaned.csv:200,009,0.559195
blog_content_cleaned.csv:200,007,0.31318
blog_content_cleaned.csv:200,005,0.127626
blog_content_cleaned.csv:235,003,0.862208
blog_content_cleaned.csv:235,000,0.09279
blog_content_cleaned.csv:235,009,0.045001
blog_content_cleaned.csv:270,001,0.807547
blog_content_cleaned.csv:270,003,0.12524
blog_content_cleaned.csv:270,008,0.067213
blog_content_cleaned.csv:305,007,0.812282
blog_content_cleaned.csv:305,003,0.098932
blog_content_cleaned.csv:305,000,0.088787
blog_content_cleaned.csv:340,007,0.40964
blog_content_cleaned.csv:340,003,0.218316
blog_content_cleaned.csv:340,001,0.167548
blog_content_cleaned.csv:340,009,0.118656
blog_content_cleaned.csv:340,006,0.08584
blog_content_cleaned.csv:375,001,0.785851
blog_content_cleaned.csv:375,006,0.117775
blog_content_cleaned.csv:375,003,0.096374
blog_content_cleaned.csv:8,006,0.848934
blog_content_cleaned.csv:8,007,0.089699
blog_content_cleaned.csv:8,001,0.061368
blog_content_cleaned.csv:43,006,0.497757
blog_content_cleaned.csv:43,002,0.384926
blog_content_cleaned.csv:43,004,0.117317
blog_content_cleaned.csv:78,007,0.808091
blog_content_cleaned.csv:78,003,0.105859
blog_content_cleaned.csv:78,004,0.08605
blog_content_cleaned.csv:113,009,0.631756
blog_content_cleaned.csv:113,000,0.191053
blog_content_cleaned.csv:113,003,0.177192
blog_content_cleaned.csv:148,009,0.383927
blog_content_cleaned.csv:148,008,0.300038
blog_content_cleaned.csv:148,006,0.158767
blog_content_cleaned.csv:148,003,0.157269
blog_content_cleaned.csv:183,008,0.489018
blog_content_cleaned.csv:183,000,0.262893
blog_content_cleaned.csv:183,004,0.165482
blog_content_cleaned.csv:183,005,0.082606
blog_content_cleaned.csv:213,007,0.322556
blog_content_cleaned.csv:213,008,0.311835
blog_content_cleaned.csv:213,004,0.229226
blog_content_cleaned.csv:213,009,0.136383
blog_content_cleaned.csv:248,000,0.578682
blog_content_cleaned.csv:248,004,0.163385
blog_content_cleaned.csv:248,001,0.119279
blog_content_cleaned.csv:248,006,0.073565
blog_content_cleaned.csv:248,009,0.065089
blog_content_cleaned.csv:283,000,0.672606
blog_content_cleaned.csv:283,003,0.261486
blog_content_cleaned.csv:283,004,0.065908
blog_content_cleaned.csv:318,003,0.359076
blog_content_cleaned.csv:318,001,0.340231
blog_content_cleaned.csv:318,005,0.256596
blog_content_cleaned.csv:318,006,0.044097
blog_content_cleaned.csv:353,000,0.824331
blog_content_cleaned.csv:353,006,0.113682
blog_content_cleaned.csv:353,003,0.061987
blog_content_cleaned.csv:388,008,0.955831
blog_content_cleaned.csv:388,004,0.040309
blog_content_cleaned.csv:388,001,0.003861
blog_content_cleaned.csv:1,002,0.694774
blog_content_cleaned.csv:1,004,0.158851
blog_content_cleaned.csv:1,005,0.146375
blog_content_cleaned.csv:36,003,0.456041
blog_content_cleaned.csv:36,000,0.254843
blog_content_cleaned.csv:36,001,0.18293
blog_content_cleaned.csv:36,008,0.106185
blog_content_cleaned.csv:71,000,0.566002
blog_content_cleaned.csv:71,002,0.328082
blog_content_cleaned.csv:71,004,0.105916
blog_content_cleaned.csv:106,007,0.383203
blog_content_cleaned.csv:106,002,0.250557
blog_content_cleaned.csv:106,009,0.216782
blog_content_cleaned.csv:106,004,0.149458
blog_content_cleaned.csv:141,008,0.758109
blog_content_cleaned.csv:141,006,0.146034
blog_content_cleaned.csv:141,003,0.095856
blog_content_cleaned.csv:176,006,0.652731
blog_content_cleaned.csv:176,003,0.279807
blog_content_cleaned.csv:176,009,0.067462
blog_content_cleaned.csv:206,008,0.599476
blog_content_cleaned.csv:206,007,0.370972
blog_content_cleaned.csv:206,004,0.029553
blog_content_cleaned.csv:241,002,0.375384
blog_content_cleaned.csv:241,001,0.287583
blog_content_cleaned.csv:241,004,0.265681
blog_content_cleaned.csv:241,000,0.071352
blog_content_cleaned.csv:276,002,0.692691
blog_content_cleaned.csv:276,003,0.273859
blog_content_cleaned.csv:276,004,0.033451
blog_content_cleaned.csv:311,001,0.995066
blog_content_cleaned.csv:311,002,0.004934
blog_content_cleaned.csv:346,003,0.426718
blog_content_cleaned.csv:346,008,0.322163
blog_content_cleaned.csv:346,001,0.102827
blog_content_cleaned.csv:346,006,0.101487
blog_content_cleaned.csv:346,000,0.046805
blog_content_cleaned.csv:381,001,0.795961
blog_content_cleaned.csv:381,003,0.178655
blog_content_cleaned.csv:381,006,0.023122
blog_content_cleaned.csv:381,005,0.002262
blog_content_cleaned.csv:11,004,0.393441
blog_content_cleaned.csv:11,001,0.336077
blog_content_cleaned.csv:11,003,0.135143
blog_content_cleaned.csv:11,009,0.071753
blog_content_cleaned.csv:11,000,0.063586
blog_content_cleaned.csv:46,000,0.388648
blog_content_cleaned.csv:46,004,0.370567
blog_content_cleaned.csv:46,002,0.240784
blog_content_cleaned.csv:81,001,0.470699
blog_content_cleaned.csv:81,009,0.220933
blog_content_cleaned.csv:81,004,0.158991
blog_content_cleaned.csv:81,006,0.075235
blog_content_cleaned.csv:81,007,0.074143
blog_content_cleaned.csv:116,001,0.364825
blog_content_cleaned.csv:116,002,0.299783
blog_content_cleaned.csv:116,006,0.165578
blog_content_cleaned.csv:116,009,0.086675
blog_content_cleaned.csv:116,004,0.083139
blog_content_cleaned.csv:151,002,0.450814
blog_content_cleaned.csv:151,001,0.19699
blog_content_cleaned.csv:151,004,0.190247
blog_content_cleaned.csv:151,006,0.104243
blog_content_cleaned.csv:151,000,0.057706
blog_content_cleaned.csv:186,007,0.831855
blog_content_cleaned.csv:186,004,0.125622
blog_content_cleaned.csv:186,000,0.042523
blog_content_cleaned.csv:216,004,0.956329
blog_content_cleaned.csv:216,001,0.043671
blog_content_cleaned.csv:251,008,0.659313
blog_content_cleaned.csv:251,007,0.124983
blog_content_cleaned.csv:251,003,0.117241
blog_content_cleaned.csv:251,009,0.098463
blog_content_cleaned.csv:286,009,0.468705
blog_content_cleaned.csv:286,002,0.339629
blog_content_cleaned.csv:286,003,0.138707
blog_content_cleaned.csv:286,004,0.052958
blog_content_cleaned.csv:321,006,0.913031
blog_content_cleaned.csv:321,001,0.057518
blog_content_cleaned.csv:321,009,0.029451
blog_content_cleaned.csv:356,007,0.793102
blog_content_cleaned.csv:356,000,0.206898
blog_content_cleaned.csv:391,008,0.688866
blog_content_cleaned.csv:391,003,0.276795
blog_content_cleaned.csv:391,009,0.034339
blog_content_cleaned.csv:16,002,0.442604
blog_content_cleaned.csv:16,000,0.268356
blog_content_cleaned.csv:16,001,0.22369
blog_content_cleaned.csv:16,004,0.06535
blog_content_cleaned.csv:51,009,0.733085
blog_content_cleaned.csv:51,007,0.117861
blog_content_cleaned.csv:51,002,0.083634
blog_content_cleaned.csv:51,004,0.06542
blog_content_cleaned.csv:86,006,0.706458
blog_content_cleaned.csv:86,001,0.201879
blog_content_cleaned.csv:86,007,0.091663
blog_content_cleaned.csv:121,007,0.88882
blog_content_cleaned.csv:121,004,0.11118
blog_content_cleaned.csv:156,004,0.932259
blog_content_cleaned.csv:156,009,0.067741
blog_content_cleaned.csv:221,003,0.468477
blog_content_cleaned.csv:221,002,0.264263
blog_content_cleaned.csv:221,009,0.152872
blog_content_cleaned.csv:221,006,0.114387
blog_content_cleaned.csv:256,001,0.892292
blog_content_cleaned.csv:256,002,0.082598
blog_content_cleaned.csv:256,003,0.02511
blog_content_cleaned.csv:291,007,0.468784
blog_content_cleaned.csv:291,008,0.186883
blog_content_cleaned.csv:291,003,0.158144
blog_content_cleaned.csv:291,004,0.111078
blog_content_cleaned.csv:291,006,0.075111
blog_content_cleaned.csv:326,004,0.871079
blog_content_cleaned.csv:326,001,0.128921
blog_content_cleaned.csv:361,009,0.42709
blog_content_cleaned.csv:361,007,0.222776
blog_content_cleaned.csv:361,003,0.126091
blog_content_cleaned.csv:361,001,0.122275
blog_content_cleaned.csv:361,002,0.101767
blog_content_cleaned.csv:10,003,0.347742
blog_content_cleaned.csv:10,009,0.340749
blog_content_cleaned.csv:10,005,0.13581
blog_content_cleaned.csv:10,001,0.125062
blog_content_cleaned.csv:10,008,0.050636
blog_content_cleaned.csv:45,000,0.445524
blog_content_cleaned.csv:45,003,0.248866
blog_content_cleaned.csv:45,009,0.144813
blog_content_cleaned.csv:45,001,0.092987
blog_content_cleaned.csv:45,004,0.036398
blog_content_cleaned.csv:45,006,0.031412
blog_content_cleaned.csv:80,008,0.391237
blog_content_cleaned.csv:80,006,0.323692
blog_content_cleaned.csv:80,001,0.17177
blog_content_cleaned.csv:80,000,0.067659
blog_content_cleaned.csv:80,009,0.045642
blog_content_cleaned.csv:115,006,0.555327
blog_content_cleaned.csv:115,002,0.239503
blog_content_cleaned.csv:115,000,0.095478
blog_content_cleaned.csv:115,008,0.057899
blog_content_cleaned.csv:115,004,0.051793
blog_content_cleaned.csv:150,002,0.505114
blog_content_cleaned.csv:150,008,0.432683
blog_content_cleaned.csv:150,006,0.062203
blog_content_cleaned.csv:185,000,0.704901
blog_content_cleaned.csv:185,003,0.212891
blog_content_cleaned.csv:185,004,0.082207
blog_content_cleaned.csv:215,003,0.756426
blog_content_cleaned.csv:215,004,0.196808
blog_content_cleaned.csv:215,000,0.046766
blog_content_cleaned.csv:250,002,0.602203
blog_content_cleaned.csv:250,000,0.270813
blog_content_cleaned.csv:250,001,0.126984
blog_content_cleaned.csv:285,003,0.763594
blog_content_cleaned.csv:285,009,0.107295
blog_content_cleaned.csv:285,008,0.100587
blog_content_cleaned.csv:285,000,0.028524
blog_content_cleaned.csv:320,006,0.68186
blog_content_cleaned.csv:320,000,0.256352
blog_content_cleaned.csv:320,001,0.061788
blog_content_cleaned.csv:355,008,0.652298
blog_content_cleaned.csv:355,004,0.210864
blog_content_cleaned.csv:355,009,0.101107
blog_content_cleaned.csv:355,001,0.035731
blog_content_cleaned.csv:390,004,0.800971
blog_content_cleaned.csv:390,003,0.136374
blog_content_cleaned.csv:390,002,0.062654
blog_content_cleaned.csv:31,002,0.804098
blog_content_cleaned.csv:31,001,0.195902
blog_content_cleaned.csv:66,002,0.547385
blog_content_cleaned.csv:66,001,0.413138
blog_content_cleaned.csv:66,006,0.039478
blog_content_cleaned.csv:101,006,0.857325
blog_content_cleaned.csv:101,000,0.089238
blog_content_cleaned.csv:101,004,0.053437
blog_content_cleaned.csv:136,003,0.408689
blog_content_cleaned.csv:136,000,0.367748
blog_content_cleaned.csv:136,009,0.147117
blog_content_cleaned.csv:136,001,0.076445
blog_content_cleaned.csv:171,009,0.400936
blog_content_cleaned.csv:171,007,0.304694
blog_content_cleaned.csv:171,006,0.135429
blog_content_cleaned.csv:171,004,0.119161
blog_content_cleaned.csv:171,005,0.039781
blog_content_cleaned.csv:201,004,0.632558
blog_content_cleaned.csv:201,009,0.133464
blog_content_cleaned.csv:201,008,0.131187
blog_content_cleaned.csv:201,003,0.102791
blog_content_cleaned.csv:236,007,0.320878
blog_content_cleaned.csv:236,003,0.315084
blog_content_cleaned.csv:236,001,0.26914
blog_content_cleaned.csv:236,004,0.094898
blog_content_cleaned.csv:271,009,0.559221
blog_content_cleaned.csv:271,000,0.333176
blog_content_cleaned.csv:271,004,0.102138
blog_content_cleaned.csv:271,005,0.005464
blog_content_cleaned.csv:306,007,0.973414
blog_content_cleaned.csv:306,009,0.026586
blog_content_cleaned.csv:341,009,0.304166
blog_content_cleaned.csv:341,007,0.295981
blog_content_cleaned.csv:341,001,0.16255
blog_content_cleaned.csv:341,002,0.155323
blog_content_cleaned.csv:341,006,0.081979
blog_content_cleaned.csv:376,006,0.353143
blog_content_cleaned.csv:376,008,0.329473
blog_content_cleaned.csv:376,001,0.237704
blog_content_cleaned.csv:376,002,0.07968
blog_content_cleaned.csv:12,005,0.452379
blog_content_cleaned.csv:12,003,0.2619
blog_content_cleaned.csv:12,007,0.12335
blog_content_cleaned.csv:12,009,0.085825
blog_content_cleaned.csv:12,004,0.076546
blog_content_cleaned.csv:47,003,0.460815
blog_content_cleaned.csv:47,001,0.210985
blog_content_cleaned.csv:47,009,0.157953
blog_content_cleaned.csv:47,000,0.127844
blog_content_cleaned.csv:47,006,0.042403
blog_content_cleaned.csv:82,001,0.755108
blog_content_cleaned.csv:82,003,0.150086
blog_content_cleaned.csv:82,006,0.094806
blog_content_cleaned.csv:117,003,0.907186
blog_content_cleaned.csv:117,004,0.082223
blog_content_cleaned.csv:117,000,0.006156
blog_content_cleaned.csv:117,002,0.004435
blog_content_cleaned.csv:152,008,0.552553
blog_content_cleaned.csv:152,006,0.344958
blog_content_cleaned.csv:152,009,0.086821
blog_content_cleaned.csv:152,003,0.015668
blog_content_cleaned.csv:187,004,0.861784
blog_content_cleaned.csv:187,005,0.117143
blog_content_cleaned.csv:187,001,0.021073
blog_content_cleaned.csv:217,004,0.715146
blog_content_cleaned.csv:217,003,0.137804
blog_content_cleaned.csv:217,005,0.091616
blog_content_cleaned.csv:217,001,0.055434
blog_content_cleaned.csv:252,008,0.737448
blog_content_cleaned.csv:252,005,0.200038
blog_content_cleaned.csv:252,007,0.062513
blog_content_cleaned.csv:287,008,0.734275
blog_content_cleaned.csv:287,004,0.150579
blog_content_cleaned.csv:287,009,0.055384
blog_content_cleaned.csv:287,003,0.049978
blog_content_cleaned.csv:287,002,0.009784
blog_content_cleaned.csv:322,001,0.541997
blog_content_cleaned.csv:322,002,0.451387
blog_content_cleaned.csv:322,003,0.006616
blog_content_cleaned.csv:357,003,0.50231
blog_content_cleaned.csv:357,000,0.405884
blog_content_cleaned.csv:357,009,0.091806
blog_content_cleaned.csv:5,006,0.517249
blog_content_cleaned.csv:5,001,0.177452
blog_content_cleaned.csv:5,005,0.156218
blog_content_cleaned.csv:5,003,0.149081
blog_content_cleaned.csv:40,002,0.648965
blog_content_cleaned.csv:40,004,0.141371
blog_content_cleaned.csv:40,000,0.118436
blog_content_cleaned.csv:40,009,0.091229
blog_content_cleaned.csv:75,003,0.95614
blog_content_cleaned.csv:75,005,0.04386
blog_content_cleaned.csv:110,000,0.51853
blog_content_cleaned.csv:110,003,0.32941
blog_content_cleaned.csv:110,007,0.152061
blog_content_cleaned.csv:145,005,0.965617
blog_content_cleaned.csv:145,004,0.034383
blog_content_cleaned.csv:180,001,0.584678
blog_content_cleaned.csv:180,006,0.341836
blog_content_cleaned.csv:180,004,0.073486
blog_content_cleaned.csv:210,007,0.579027
blog_content_cleaned.csv:210,000,0.391271
blog_content_cleaned.csv:210,001,0.029702
blog_content_cleaned.csv:245,008,0.581391
blog_content_cleaned.csv:245,004,0.263709
blog_content_cleaned.csv:245,000,0.154899
blog_content_cleaned.csv:280,006,0.86094
blog_content_cleaned.csv:280,003,0.078716
blog_content_cleaned.csv:280,009,0.060344
blog_content_cleaned.csv:315,006,0.932215
blog_content_cleaned.csv:315,009,0.067785
blog_content_cleaned.csv:350,001,1.0
blog_content_cleaned.csv:385,009,0.917276
blog_content_cleaned.csv:385,007,0.055161
blog_content_cleaned.csv:385,005,0.027563
blog_content_cleaned.csv:27,001,0.817672
blog_content_cleaned.csv:27,003,0.164364
blog_content_cleaned.csv:27,007,0.017964
blog_content_cleaned.csv:62,003,0.603723
blog_content_cleaned.csv:62,008,0.290615
blog_content_cleaned.csv:62,004,0.105662
blog_content_cleaned.csv:97,004,0.750602
blog_content_cleaned.csv:97,005,0.097806
blog_content_cleaned.csv:97,001,0.077646
blog_content_cleaned.csv:97,007,0.073947
blog_content_cleaned.csv:132,006,0.909582
blog_content_cleaned.csv:132,009,0.056193
blog_content_cleaned.csv:132,003,0.034225
blog_content_cleaned.csv:167,003,0.682416
blog_content_cleaned.csv:167,001,0.261828
blog_content_cleaned.csv:167,009,0.038109
blog_content_cleaned.csv:167,006,0.017646
blog_content_cleaned.csv:197,002,0.48787
blog_content_cleaned.csv:197,008,0.46303
blog_content_cleaned.csv:197,006,0.032702
blog_content_cleaned.csv:197,009,0.016398
blog_content_cleaned.csv:232,000,1.0
blog_content_cleaned.csv:267,009,0.897008
blog_content_cleaned.csv:267,001,0.047782
blog_content_cleaned.csv:267,002,0.027744
blog_content_cleaned.csv:267,003,0.027467
blog_content_cleaned.csv:302,000,0.534734
blog_content_cleaned.csv:302,008,0.2405
blog_content_cleaned.csv:302,003,0.224765
blog_content_cleaned.csv:337,001,0.719521
blog_content_cleaned.csv:337,002,0.188458
blog_content_cleaned.csv:337,009,0.065522
blog_content_cleaned.csv:337,006,0.026499
blog_content_cleaned.csv:372,003,0.643819
blog_content_cleaned.csv:372,001,0.256426
blog_content_cleaned.csv:372,004,0.099756
blog_content_cleaned.csv:0,004,0.518334
blog_content_cleaned.csv:0,000,0.358649
blog_content_cleaned.csv:0,008,0.082107
blog_content_cleaned.csv:0,002,0.040911
blog_content_cleaned.csv:35,004,0.896413
blog_content_cleaned.csv:35,009,0.052566
blog_content_cleaned.csv:35,001,0.051021
blog_content_cleaned.csv:70,000,0.295442
blog_content_cleaned.csv:70,007,0.282021
blog_content_cleaned.csv:70,006,0.18049
blog_content_cleaned.csv:70,009,0.175904
blog_content_cleaned.csv:70,001,0.066143
blog_content_cleaned.csv:105,003,0.393815
blog_content_cleaned.csv:105,000,0.371561
blog_content_cleaned.csv:105,005,0.096375
blog_content_cleaned.csv:105,004,0.095714
blog_content_cleaned.csv:105,007,0.042535
blog_content_cleaned.csv:140,007,0.763771
blog_content_cleaned.csv:140,004,0.168678
blog_content_cleaned.csv:140,009,0.064611
blog_content_cleaned.csv:140,005,0.002939
blog_content_cleaned.csv:175,004,0.388221
blog_content_cleaned.csv:175,001,0.298113
blog_content_cleaned.csv:175,003,0.145164
blog_content_cleaned.csv:175,009,0.117929
blog_content_cleaned.csv:175,000,0.050573
blog_content_cleaned.csv:205,001,0.347229
blog_content_cleaned.csv:205,009,0.314264
blog_content_cleaned.csv:205,000,0.166182
blog_content_cleaned.csv:205,004,0.163219
blog_content_cleaned.csv:205,006,0.009106
blog_content_cleaned.csv:240,001,0.570789
blog_content_cleaned.csv:240,008,0.296861
blog_content_cleaned.csv:240,004,0.13235
blog_content_cleaned.csv:275,003,0.601221
blog_content_cleaned.csv:275,000,0.245963
blog_content_cleaned.csv:275,009,0.086514
blog_content_cleaned.csv:275,006,0.066302
blog_content_cleaned.csv:310,006,0.561872
blog_content_cleaned.csv:310,002,0.259156
blog_content_cleaned.csv:310,007,0.116906
blog_content_cleaned.csv:310,000,0.031665
blog_content_cleaned.csv:310,004,0.030402
blog_content_cleaned.csv:345,006,0.347794
blog_content_cleaned.csv:345,002,0.242784
blog_content_cleaned.csv:345,003,0.238464
blog_content_cleaned.csv:345,009,0.170958
blog_content_cleaned.csv:380,006,0.307662
blog_content_cleaned.csv:380,009,0.230734
blog_content_cleaned.csv:380,007,0.180301
blog_content_cleaned.csv:380,002,0.163142
blog_content_cleaned.csv:380,005,0.11816
blog_content_cleaned.csv:22,008,0.943951
blog_content_cleaned.csv:22,005,0.056049
blog_content_cleaned.csv:57,009,0.586171
blog_content_cleaned.csv:57,003,0.283366
blog_content_cleaned.csv:57,006,0.072839
blog_content_cleaned.csv:57,000,0.057624
blog_content_cleaned.csv:92,001,0.884731
blog_content_cleaned.csv:92,004,0.115269
blog_content_cleaned.csv:127,007,0.89438
blog_content_cleaned.csv:127,004,0.061165
blog_content_cleaned.csv:127,003,0.044455
blog_content_cleaned.csv:162,001,0.769972
blog_content_cleaned.csv:162,007,0.230028
blog_content_cleaned.csv:192,000,0.552587
blog_content_cleaned.csv:192,003,0.38317
blog_content_cleaned.csv:192,007,0.033398
blog_content_cleaned.csv:192,006,0.030846
blog_content_cleaned.csv:227,004,0.488619
blog_content_cleaned.csv:227,009,0.326736
blog_content_cleaned.csv:227,002,0.128405
blog_content_cleaned.csv:227,007,0.056239
blog_content_cleaned.csv:262,003,0.716066
blog_content_cleaned.csv:262,008,0.152834
blog_content_cleaned.csv:262,006,0.070272
blog_content_cleaned.csv:262,004,0.060829
blog_content_cleaned.csv:297,006,0.892041
blog_content_cleaned.csv:297,009,0.096007
blog_content_cleaned.csv:297,008,0.011952
blog_content_cleaned.csv:332,006,0.977468
blog_content_cleaned.csv:332,003,0.022532
blog_content_cleaned.csv:367,001,0.36627
blog_content_cleaned.csv:367,007,0.354536
blog_content_cleaned.csv:367,006,0.132074
blog_content_cleaned.csv:367,004,0.105115
blog_content_cleaned.csv:367,003,0.042005
blog_content_cleaned.csv:21,002,0.698139
blog_content_cleaned.csv:21,000,0.134767
blog_content_cleaned.csv:21,004,0.104263
blog_content_cleaned.csv:21,003,0.062831
blog_content_cleaned.csv:56,004,0.482853
blog_content_cleaned.csv:56,000,0.327993
blog_content_cleaned.csv:56,005,0.189155
blog_content_cleaned.csv:91,001,0.624667
blog_content_cleaned.csv:91,006,0.245287
blog_content_cleaned.csv:91,003,0.130046
blog_content_cleaned.csv:126,003,0.537331
blog_content_cleaned.csv:126,001,0.318929
blog_content_cleaned.csv:126,006,0.099415
blog_content_cleaned.csv:126,009,0.027679
blog_content_cleaned.csv:126,000,0.016647
blog_content_cleaned.csv:161,000,0.362604
blog_content_cleaned.csv:161,003,0.312234
blog_content_cleaned.csv:161,006,0.163825
blog_content_cleaned.csv:161,002,0.09236
blog_content_cleaned.csv:161,004,0.068978
blog_content_cleaned.csv:191,001,0.750188
blog_content_cleaned.csv:191,004,0.241339
blog_content_cleaned.csv:191,008,0.008473
blog_content_cleaned.csv:226,003,0.744443
blog_content_cleaned.csv:226,000,0.188055
blog_content_cleaned.csv:226,009,0.067503
blog_content_cleaned.csv:261,007,0.661615
blog_content_cleaned.csv:261,003,0.338385
blog_content_cleaned.csv:296,007,0.321798
blog_content_cleaned.csv:296,004,0.232686
blog_content_cleaned.csv:296,005,0.200232
blog_content_cleaned.csv:296,009,0.140268
blog_content_cleaned.csv:296,006,0.105016
blog_content_cleaned.csv:331,001,0.854297
blog_content_cleaned.csv:331,006,0.145703
blog_content_cleaned.csv:366,008,0.56696
blog_content_cleaned.csv:366,002,0.414698
blog_content_cleaned.csv:366,001,0.018343
blog_content_cleaned.csv:6,002,0.588633
blog_content_cleaned.csv:6,000,0.262953
blog_content_cleaned.csv:6,001,0.148415
blog_content_cleaned.csv:41,001,0.734923
blog_content_cleaned.csv:41,008,0.186163
blog_content_cleaned.csv:41,009,0.078914
blog_content_cleaned.csv:76,006,0.740023
blog_content_cleaned.csv:76,009,0.233489
blog_content_cleaned.csv:76,001,0.026488
blog_content_cleaned.csv:111,003,0.595519
blog_content_cleaned.csv:111,008,0.277681
blog_content_cleaned.csv:111,009,0.122707
blog_content_cleaned.csv:111,000,0.004093
blog_content_cleaned.csv:146,004,0.78627
blog_content_cleaned.csv:146,003,0.21373
blog_content_cleaned.csv:181,009,0.412643
blog_content_cleaned.csv:181,007,0.381808
blog_content_cleaned.csv:181,004,0.159344
blog_content_cleaned.csv:181,006,0.046206
blog_content_cleaned.csv:211,001,0.598352
blog_content_cleaned.csv:211,003,0.295985
blog_content_cleaned.csv:211,006,0.053728
blog_content_cleaned.csv:211,008,0.051935
blog_content_cleaned.csv:246,004,0.997401
blog_content_cleaned.csv:246,007,0.002599
blog_content_cleaned.csv:281,009,0.613743
blog_content_cleaned.csv:281,007,0.20082
blog_content_cleaned.csv:281,004,0.118699
blog_content_cleaned.csv:281,002,0.046725
blog_content_cleaned.csv:281,005,0.020013
blog_content_cleaned.csv:316,007,0.680453
blog_content_cleaned.csv:316,000,0.266605
blog_content_cleaned.csv:316,004,0.033319
blog_content_cleaned.csv:316,002,0.019623
blog_content_cleaned.csv:351,006,0.695348
blog_content_cleaned.csv:351,002,0.168469
blog_content_cleaned.csv:351,000,0.136182
blog_content_cleaned.csv:386,000,0.789002
blog_content_cleaned.csv:386,008,0.080527
blog_content_cleaned.csv:386,005,0.070578
blog_content_cleaned.csv:386,009,0.059892
blog_content_cleaned.csv:19,001,0.454959
blog_content_cleaned.csv:19,003,0.247574
blog_content_cleaned.csv:19,002,0.180168
blog_content_cleaned.csv:19,009,0.1173
blog_content_cleaned.csv:54,001,0.829404
blog_content_cleaned.csv:54,002,0.16777
blog_content_cleaned.csv:54,004,0.002826
blog_content_cleaned.csv:89,006,0.7047
blog_content_cleaned.csv:89,008,0.149744
blog_content_cleaned.csv:89,004,0.078783
blog_content_cleaned.csv:89,000,0.066773
blog_content_cleaned.csv:124,001,0.322211
blog_content_cleaned.csv:124,003,0.273429
blog_content_cleaned.csv:124,004,0.208614
blog_content_cleaned.csv:124,009,0.154491
blog_content_cleaned.csv:124,000,0.034528
blog_content_cleaned.csv:124,005,0.006726
blog_content_cleaned.csv:159,000,0.468217
blog_content_cleaned.csv:159,003,0.281435
blog_content_cleaned.csv:159,008,0.250348
blog_content_cleaned.csv:224,001,0.842224
blog_content_cleaned.csv:224,006,0.14354
blog_content_cleaned.csv:224,005,0.014236
blog_content_cleaned.csv:259,004,0.614971
blog_content_cleaned.csv:259,009,0.2952
blog_content_cleaned.csv:259,000,0.089829
blog_content_cleaned.csv:294,003,0.493653
blog_content_cleaned.csv:294,002,0.412782
blog_content_cleaned.csv:294,000,0.072104
blog_content_cleaned.csv:294,004,0.021461
blog_content_cleaned.csv:329,004,0.459225
blog_content_cleaned.csv:329,001,0.394951
blog_content_cleaned.csv:329,008,0.071035
blog_content_cleaned.csv:329,000,0.042192
blog_content_cleaned.csv:329,006,0.032598
blog_content_cleaned.csv:364,006,0.672716
blog_content_cleaned.csv:364,009,0.177069
blog_content_cleaned.csv:364,003,0.091394
blog_content_cleaned.csv:364,004,0.058821
blog_content_cleaned.csv:3,007,0.810661
blog_content_cleaned.csv:3,001,0.132763
blog_content_cleaned.csv:3,004,0.056576
blog_content_cleaned.csv:38,009,0.50084
blog_content_cleaned.csv:38,008,0.21068
blog_content_cleaned.csv:38,003,0.182157
blog_content_cleaned.csv:38,004,0.106323
blog_content_cleaned.csv:73,006,0.482467
blog_content_cleaned.csv:73,002,0.399001
blog_content_cleaned.csv:73,003,0.118531
blog_content_cleaned.csv:108,000,0.444144
blog_content_cleaned.csv:108,004,0.288713
blog_content_cleaned.csv:108,009,0.257871
blog_content_cleaned.csv:108,003,0.009271
blog_content_cleaned.csv:143,000,0.588274
blog_content_cleaned.csv:143,006,0.2759
blog_content_cleaned.csv:143,009,0.097057
blog_content_cleaned.csv:143,003,0.038769
blog_content_cleaned.csv:178,003,0.773065
blog_content_cleaned.csv:178,002,0.118595
blog_content_cleaned.csv:178,006,0.10219
blog_content_cleaned.csv:178,000,0.006151
blog_content_cleaned.csv:208,009,0.667968
blog_content_cleaned.csv:208,003,0.198011
blog_content_cleaned.csv:208,008,0.134021
blog_content_cleaned.csv:243,006,0.643101
blog_content_cleaned.csv:243,001,0.3501
blog_content_cleaned.csv:243,000,0.006799
blog_content_cleaned.csv:278,009,0.945187
blog_content_cleaned.csv:278,002,0.027612
blog_content_cleaned.csv:278,006,0.0272
blog_content_cleaned.csv:313,006,0.960623
blog_content_cleaned.csv:313,002,0.039377
blog_content_cleaned.csv:348,008,0.756349
blog_content_cleaned.csv:348,006,0.228948
blog_content_cleaned.csv:348,005,0.014703
blog_content_cleaned.csv:383,000,0.437402
blog_content_cleaned.csv:383,006,0.281495
blog_content_cleaned.csv:383,003,0.281103
blog_content_cleaned.csv:20,009,0.480101
blog_content_cleaned.csv:20,006,0.1623
blog_content_cleaned.csv:20,000,0.115621
blog_content_cleaned.csv:20,005,0.078708
blog_content_cleaned.csv:20,007,0.075305
blog_content_cleaned.csv:20,001,0.045686
blog_content_cleaned.csv:20,004,0.042278
blog_content_cleaned.csv:55,003,0.480058
blog_content_cleaned.csv:55,008,0.218157
blog_content_cleaned.csv:55,006,0.188889
blog_content_cleaned.csv:55,009,0.112896
blog_content_cleaned.csv:90,004,0.622173
blog_content_cleaned.csv:90,001,0.377827
blog_content_cleaned.csv:125,008,0.484683
blog_content_cleaned.csv:125,003,0.224396
blog_content_cleaned.csv:125,000,0.156799
blog_content_cleaned.csv:125,007,0.134122
blog_content_cleaned.csv:160,000,0.322683
blog_content_cleaned.csv:160,001,0.308817
blog_content_cleaned.csv:160,004,0.226062
blog_content_cleaned.csv:160,008,0.142439
blog_content_cleaned.csv:190,008,0.420347
blog_content_cleaned.csv:190,004,0.312871
blog_content_cleaned.csv:190,009,0.266782
blog_content_cleaned.csv:225,001,0.615175
blog_content_cleaned.csv:225,006,0.314686
blog_content_cleaned.csv:225,009,0.070139
blog_content_cleaned.csv:260,004,0.534878
blog_content_cleaned.csv:260,001,0.174357
blog_content_cleaned.csv:260,005,0.156922
blog_content_cleaned.csv:260,006,0.133843
blog_content_cleaned.csv:295,003,0.673863
blog_content_cleaned.csv:295,002,0.227391
blog_content_cleaned.csv:295,004,0.050795
blog_content_cleaned.csv:295,005,0.047951
blog_content_cleaned.csv:330,006,0.396014
blog_content_cleaned.csv:330,002,0.331027
blog_content_cleaned.csv:330,003,0.179671
blog_content_cleaned.csv:330,004,0.093288
blog_content_cleaned.csv:365,002,0.788833
blog_content_cleaned.csv:365,001,0.168634
blog_content_cleaned.csv:365,000,0.042533
blog_content_cleaned.csv:4,007,0.681275
blog_content_cleaned.csv:4,004,0.142091
blog_content_cleaned.csv:4,009,0.111558
blog_content_cleaned.csv:4,003,0.065075
blog_content_cleaned.csv:39,000,0.557029
blog_content_cleaned.csv:39,006,0.266331
blog_content_cleaned.csv:39,001,0.092596
blog_content_cleaned.csv:39,002,0.084045
blog_content_cleaned.csv:74,000,0.964237
blog_content_cleaned.csv:74,001,0.035763
blog_content_cleaned.csv:109,009,0.726194
blog_content_cleaned.csv:109,003,0.15452
blog_content_cleaned.csv:109,006,0.071264
blog_content_cleaned.csv:109,000,0.048022
blog_content_cleaned.csv:144,009,0.847772
blog_content_cleaned.csv:144,002,0.061438
blog_content_cleaned.csv:144,003,0.055403
blog_content_cleaned.csv:144,006,0.035387
blog_content_cleaned.csv:179,001,0.390003
blog_content_cleaned.csv:179,000,0.339018
blog_content_cleaned.csv:179,003,0.224175
blog_content_cleaned.csv:179,002,0.046804
blog_content_cleaned.csv:209,007,0.463262
blog_content_cleaned.csv:209,003,0.227842
blog_content_cleaned.csv:209,005,0.214719
blog_content_cleaned.csv:209,004,0.059759
blog_content_cleaned.csv:209,008,0.034418
blog_content_cleaned.csv:244,001,0.554615
blog_content_cleaned.csv:244,003,0.38335
blog_content_cleaned.csv:244,006,0.062035
blog_content_cleaned.csv:279,009,0.304059
blog_content_cleaned.csv:279,000,0.24947
blog_content_cleaned.csv:279,003,0.18945
blog_content_cleaned.csv:279,002,0.114639
blog_content_cleaned.csv:279,007,0.081168
blog_content_cleaned.csv:279,005,0.061214
blog_content_cleaned.csv:314,005,0.692117
blog_content_cleaned.csv:314,009,0.135143
blog_content_cleaned.csv:314,001,0.109789
blog_content_cleaned.csv:314,004,0.062952
blog_content_cleaned.csv:349,007,0.89099
blog_content_cleaned.csv:349,000,0.082325
blog_content_cleaned.csv:349,001,0.026686
blog_content_cleaned.csv:384,003,0.878927
blog_content_cleaned.csv:384,006,0.074734
blog_content_cleaned.csv:384,002,0.046339
blog_content_cleaned.csv:18,000,0.690419
blog_content_cleaned.csv:18,006,0.163724
blog_content_cleaned.csv:18,003,0.145858
blog_content_cleaned.csv:53,003,0.509586
blog_content_cleaned.csv:53,009,0.269907
blog_content_cleaned.csv:53,002,0.170244
blog_content_cleaned.csv:53,000,0.050262
blog_content_cleaned.csv:88,001,0.811992
blog_content_cleaned.csv:88,007,0.13687
blog_content_cleaned.csv:88,002,0.03246
blog_content_cleaned.csv:88,004,0.018678
blog_content_cleaned.csv:123,008,0.710459
blog_content_cleaned.csv:123,009,0.155419
blog_content_cleaned.csv:123,002,0.134122
blog_content_cleaned.csv:158,001,0.558267
blog_content_cleaned.csv:158,002,0.413388
blog_content_cleaned.csv:158,009,0.028345
blog_content_cleaned.csv:223,000,0.542694
blog_content_cleaned.csv:223,004,0.220222
blog_content_cleaned.csv:223,002,0.139773
blog_content_cleaned.csv:223,009,0.09731
blog_content_cleaned.csv:258,001,0.372082
blog_content_cleaned.csv:258,004,0.264981
blog_content_cleaned.csv:258,006,0.260049
blog_content_cleaned.csv:258,005,0.102888
blog_content_cleaned.csv:293,008,0.553438
blog_content_cleaned.csv:293,003,0.285502
blog_content_cleaned.csv:293,009,0.075674
blog_content_cleaned.csv:293,004,0.059459
blog_content_cleaned.csv:293,001,0.025927
blog_content_cleaned.csv:328,006,0.684147
blog_content_cleaned.csv:328,009,0.113621
blog_content_cleaned.csv:328,008,0.108259
blog_content_cleaned.csv:328,003,0.093974
blog_content_cleaned.csv:363,005,0.647867
blog_content_cleaned.csv:363,003,0.236086
blog_content_cleaned.csv:363,001,0.116046
blog_content_cleaned.csv:32,002,0.578102
blog_content_cleaned.csv:32,006,0.395159
blog_content_cleaned.csv:32,000,0.026739
blog_content_cleaned.csv:67,001,0.402904
blog_content_cleaned.csv:67,009,0.213419
blog_content_cleaned.csv:67,003,0.156553
blog_content_cleaned.csv:67,002,0.142292
blog_content_cleaned.csv:67,005,0.045368
blog_content_cleaned.csv:67,004,0.039464
blog_content_cleaned.csv:102,008,0.435256
blog_content_cleaned.csv:102,005,0.214463
blog_content_cleaned.csv:102,006,0.129632
blog_content_cleaned.csv:102,007,0.113927
blog_content_cleaned.csv:102,001,0.060066
blog_content_cleaned.csv:102,004,0.046656
blog_content_cleaned.csv:137,001,0.756591
blog_content_cleaned.csv:137,002,0.205142
blog_content_cleaned.csv:137,004,0.038267
blog_content_cleaned.csv:172,009,0.812821
blog_content_cleaned.csv:172,005,0.187179
blog_content_cleaned.csv:202,004,0.385683
blog_content_cleaned.csv:202,006,0.312897
blog_content_cleaned.csv:202,002,0.121386
blog_content_cleaned.csv:202,007,0.105698
blog_content_cleaned.csv:202,005,0.074336
blog_content_cleaned.csv:237,001,0.359776
blog_content_cleaned.csv:237,009,0.264617
blog_content_cleaned.csv:237,002,0.179188
blog_content_cleaned.csv:237,008,0.122017
blog_content_cleaned.csv:237,003,0.074402
blog_content_cleaned.csv:272,002,0.530663
blog_content_cleaned.csv:272,001,0.251948
blog_content_cleaned.csv:272,003,0.098522
blog_content_cleaned.csv:272,004,0.089297
blog_content_cleaned.csv:272,006,0.02957
blog_content_cleaned.csv:307,008,0.561127
blog_content_cleaned.csv:307,006,0.167215
blog_content_cleaned.csv:307,005,0.140715
blog_content_cleaned.csv:307,003,0.057432
blog_content_cleaned.csv:307,004,0.046981
blog_content_cleaned.csv:307,000,0.02653
blog_content_cleaned.csv:342,009,0.461495
blog_content_cleaned.csv:342,003,0.353312
blog_content_cleaned.csv:342,000,0.185194
blog_content_cleaned.csv:377,005,0.924162
blog_content_cleaned.csv:377,001,0.075838
blog_content_cleaned.csv:28,000,0.543893
blog_content_cleaned.csv:28,009,0.3361
blog_content_cleaned.csv:28,002,0.062844
blog_content_cleaned.csv:28,004,0.057163
blog_content_cleaned.csv:63,002,0.632361
blog_content_cleaned.csv:63,007,0.203645
blog_content_cleaned.csv:63,003,0.094715
blog_content_cleaned.csv:63,006,0.06928
blog_content_cleaned.csv:98,001,0.595873
blog_content_cleaned.csv:98,003,0.242238
blog_content_cleaned.csv:98,006,0.082756
blog_content_cleaned.csv:98,004,0.079133
blog_content_cleaned.csv:133,002,0.471109
blog_content_cleaned.csv:133,001,0.425394
blog_content_cleaned.csv:133,004,0.057044
blog_content_cleaned.csv:133,008,0.046453
blog_content_cleaned.csv:168,008,0.364478
blog_content_cleaned.csv:168,000,0.31388
blog_content_cleaned.csv:168,003,0.201836
blog_content_cleaned.csv:168,009,0.119807
blog_content_cleaned.csv:198,006,0.601121
blog_content_cleaned.csv:198,004,0.255012
blog_content_cleaned.csv:198,009,0.143867
blog_content_cleaned.csv:233,004,0.718478
blog_content_cleaned.csv:233,005,0.281522
blog_content_cleaned.csv:268,000,0.473774
blog_content_cleaned.csv:268,009,0.276828
blog_content_cleaned.csv:268,007,0.090995
blog_content_cleaned.csv:268,003,0.08161
blog_content_cleaned.csv:268,006,0.076793
blog_content_cleaned.csv:303,000,0.964956
blog_content_cleaned.csv:303,003,0.03183
blog_content_cleaned.csv:303,007,0.003214
blog_content_cleaned.csv:338,002,0.65006
blog_content_cleaned.csv:338,009,0.185604
blog_content_cleaned.csv:338,003,0.100315
blog_content_cleaned.csv:338,006,0.064022
blog_content_cleaned.csv:373,005,0.727371
blog_content_cleaned.csv:373,003,0.174289
blog_content_cleaned.csv:373,004,0.09834
blog_content_cleaned.csv:17,000,0.626963
blog_content_cleaned.csv:17,003,0.240246
blog_content_cleaned.csv:17,004,0.095191
blog_content_cleaned.csv:17,009,0.037599
blog_content_cleaned.csv:52,008,0.837928
blog_content_cleaned.csv:52,006,0.128364
blog_content_cleaned.csv:52,004,0.033708
blog_content_cleaned.csv:87,003,0.383039
blog_content_cleaned.csv:87,002,0.261862
blog_content_cleaned.csv:87,006,0.227076
blog_content_cleaned.csv:87,001,0.085354
blog_content_cleaned.csv:87,009,0.042669
blog_content_cleaned.csv:122,000,0.277685
blog_content_cleaned.csv:122,004,0.277147
blog_content_cleaned.csv:122,008,0.20748
blog_content_cleaned.csv:122,003,0.206675
blog_content_cleaned.csv:122,009,0.031012
blog_content_cleaned.csv:157,007,0.833563
blog_content_cleaned.csv:157,004,0.077238
blog_content_cleaned.csv:157,000,0.053431
blog_content_cleaned.csv:157,009,0.035768
blog_content_cleaned.csv:222,006,0.845922
blog_content_cleaned.csv:222,002,0.097773
blog_content_cleaned.csv:222,008,0.056305
blog_content_cleaned.csv:257,009,0.861822
blog_content_cleaned.csv:257,004,0.076799
blog_content_cleaned.csv:257,002,0.061379
blog_content_cleaned.csv:292,009,0.43699
blog_content_cleaned.csv:292,001,0.398594
blog_content_cleaned.csv:292,007,0.164416
blog_content_cleaned.csv:327,003,0.377706
blog_content_cleaned.csv:327,001,0.29131
blog_content_cleaned.csv:327,005,0.22799
blog_content_cleaned.csv:327,009,0.065167
blog_content_cleaned.csv:327,000,0.037827
blog_content_cleaned.csv:362,003,0.64381
blog_content_cleaned.csv:362,001,0.270359
blog_content_cleaned.csv:362,006,0.085831
blog_content_cleaned.csv:33,007,0.672991
blog_content_cleaned.csv:33,009,0.284316
blog_content_cleaned.csv:33,004,0.038523
blog_content_cleaned.csv:33,002,0.004171
blog_content_cleaned.csv:68,000,0.963025
blog_content_cleaned.csv:68,003,0.036975
blog_content_cleaned.csv:103,003,0.439637
blog_content_cleaned.csv:103,009,0.24305
blog_content_cleaned.csv:103,004,0.212528
blog_content_cleaned.csv:103,005,0.104785
blog_content_cleaned.csv:138,003,0.434633
blog_content_cleaned.csv:138,009,0.287458
blog_content_cleaned.csv:138,004,0.148971
blog_content_cleaned.csv:138,005,0.128939
blog_content_cleaned.csv:173,006,0.998007
blog_content_cleaned.csv:173,003,0.001993
blog_content_cleaned.csv:203,004,0.772682
blog_content_cleaned.csv:203,009,0.116741
blog_content_cleaned.csv:203,006,0.110577
blog_content_cleaned.csv:238,000,0.903318
blog_content_cleaned.csv:238,009,0.093313
blog_content_cleaned.csv:238,003,0.003369
blog_content_cleaned.csv:273,003,0.689873
blog_content_cleaned.csv:273,000,0.220783
blog_content_cleaned.csv:273,006,0.046931
blog_content_cleaned.csv:273,009,0.042413
blog_content_cleaned.csv:308,007,0.327998
blog_content_cleaned.csv:308,001,0.253631
blog_content_cleaned.csv:308,000,0.226764
blog_content_cleaned.csv:308,009,0.191607
blog_content_cleaned.csv:343,006,0.694131
blog_content_cleaned.csv:343,000,0.237162
blog_content_cleaned.csv:343,003,0.036577
blog_content_cleaned.csv:343,002,0.03213
blog_content_cleaned.csv:378,001,0.666051
blog_content_cleaned.csv:378,006,0.203178
blog_content_cleaned.csv:378,003,0.106506
blog_content_cleaned.csv:378,005,0.024265
blog_content_cleaned.csv:9,002,0.425797
blog_content_cleaned.csv:9,000,0.299474
blog_content_cleaned.csv:9,004,0.187945
blog_content_cleaned.csv:9,006,0.086783
blog_content_cleaned.csv:44,001,0.878816
blog_content_cleaned.csv:44,008,0.074374
blog_content_cleaned.csv:44,003,0.04681
blog_content_cleaned.csv:79,006,0.45476
blog_content_cleaned.csv:79,009,0.242638
blog_content_cleaned.csv:79,000,0.211123
blog_content_cleaned.csv:79,003,0.059194
blog_content_cleaned.csv:79,002,0.032285
blog_content_cleaned.csv:114,009,0.502245
blog_content_cleaned.csv:114,005,0.18527
blog_content_cleaned.csv:114,004,0.143797
blog_content_cleaned.csv:114,007,0.142705
blog_content_cleaned.csv:114,002,0.025984
blog_content_cleaned.csv:149,000,0.646626
blog_content_cleaned.csv:149,005,0.150347
blog_content_cleaned.csv:149,009,0.131693
blog_content_cleaned.csv:149,004,0.071333
blog_content_cleaned.csv:184,009,0.648649
blog_content_cleaned.csv:184,002,0.26946
blog_content_cleaned.csv:184,004,0.081892
blog_content_cleaned.csv:214,009,0.339663
blog_content_cleaned.csv:214,001,0.329606
blog_content_cleaned.csv:214,007,0.14204
blog_content_cleaned.csv:214,004,0.121146
blog_content_cleaned.csv:214,005,0.04521
blog_content_cleaned.csv:214,006,0.022335
blog_content_cleaned.csv:249,008,0.636554
blog_content_cleaned.csv:249,003,0.353536
blog_content_cleaned.csv:249,000,0.00991
blog_content_cleaned.csv:284,003,0.444884
blog_content_cleaned.csv:284,009,0.312351
blog_content_cleaned.csv:284,005,0.190734
blog_content_cleaned.csv:284,000,0.052031
blog_content_cleaned.csv:319,003,0.323372
blog_content_cleaned.csv:319,006,0.321116
blog_content_cleaned.csv:319,000,0.261774
blog_content_cleaned.csv:319,002,0.056736
blog_content_cleaned.csv:319,009,0.037003
blog_content_cleaned.csv:354,005,0.867447
blog_content_cleaned.csv:354,001,0.132553
blog_content_cleaned.csv:389,002,0.524332
blog_content_cleaned.csv:389,007,0.34129
blog_content_cleaned.csv:389,006,0.134378
blog_content_cleaned.csv:15,003,0.881772
blog_content_cleaned.csv:15,008,0.118228
blog_content_cleaned.csv:50,003,0.581916
blog_content_cleaned.csv:50,006,0.277214
blog_content_cleaned.csv:50,001,0.098369
blog_content_cleaned.csv:50,002,0.042501
blog_content_cleaned.csv:85,008,0.415499
blog_content_cleaned.csv:85,009,0.300739
blog_content_cleaned.csv:85,003,0.175655
blog_content_cleaned.csv:85,001,0.065426
blog_content_cleaned.csv:85,004,0.04268
blog_content_cleaned.csv:120,003,0.367334
blog_content_cleaned.csv:120,002,0.314204
blog_content_cleaned.csv:120,004,0.206322
blog_content_cleaned.csv:120,008,0.085263
blog_content_cleaned.csv:120,006,0.026878
blog_content_cleaned.csv:155,008,0.350134
blog_content_cleaned.csv:155,009,0.334029
blog_content_cleaned.csv:155,003,0.160733
blog_content_cleaned.csv:155,004,0.155104
blog_content_cleaned.csv:220,005,0.508057
blog_content_cleaned.csv:220,006,0.421277
blog_content_cleaned.csv:220,001,0.070666
blog_content_cleaned.csv:255,001,0.297465
blog_content_cleaned.csv:255,003,0.271822
blog_content_cleaned.csv:255,000,0.216092
blog_content_cleaned.csv:255,006,0.136179
blog_content_cleaned.csv:255,009,0.078442
blog_content_cleaned.csv:290,004,0.310332
blog_content_cleaned.csv:290,001,0.309092
blog_content_cleaned.csv:290,005,0.229205
blog_content_cleaned.csv:290,003,0.151371
blog_content_cleaned.csv:325,009,0.351083
blog_content_cleaned.csv:325,007,0.330007
blog_content_cleaned.csv:325,000,0.216703
blog_content_cleaned.csv:325,001,0.102207
blog_content_cleaned.csv:360,008,0.83341
blog_content_cleaned.csv:360,007,0.113229
blog_content_cleaned.csv:360,004,0.033373
blog_content_cleaned.csv:360,009,0.019988
blog_content_cleaned.csv:14,002,0.720766
blog_content_cleaned.csv:14,003,0.139431
blog_content_cleaned.csv:14,009,0.087043
blog_content_cleaned.csv:14,004,0.05276
blog_content_cleaned.csv:49,006,0.966478
blog_content_cleaned.csv:49,002,0.033522
blog_content_cleaned.csv:84,007,0.818001
blog_content_cleaned.csv:84,000,0.181999
blog_content_cleaned.csv:119,002,0.664592
blog_content_cleaned.csv:119,004,0.262599
blog_content_cleaned.csv:119,001,0.07281
blog_content_cleaned.csv:154,007,0.907786
blog_content_cleaned.csv:154,004,0.092214
blog_content_cleaned.csv:189,003,0.556981
blog_content_cleaned.csv:189,002,0.374195
blog_content_cleaned.csv:189,009,0.068824
blog_content_cleaned.csv:219,003,0.521018
blog_content_cleaned.csv:219,002,0.201014
blog_content_cleaned.csv:219,006,0.173959
blog_content_cleaned.csv:219,009,0.104009
blog_content_cleaned.csv:254,000,0.333738
blog_content_cleaned.csv:254,008,0.297478
blog_content_cleaned.csv:254,009,0.213446
blog_content_cleaned.csv:254,003,0.11624
blog_content_cleaned.csv:254,004,0.039099
blog_content_cleaned.csv:289,009,0.733018
blog_content_cleaned.csv:289,002,0.094586
blog_content_cleaned.csv:289,007,0.073892
blog_content_cleaned.csv:289,004,0.058594
blog_content_cleaned.csv:289,003,0.039911
blog_content_cleaned.csv:324,006,0.584566
blog_content_cleaned.csv:324,002,0.279447
blog_content_cleaned.csv:324,001,0.070221
blog_content_cleaned.csv:324,007,0.065765
blog_content_cleaned.csv:359,006,0.548106
blog_content_cleaned.csv:359,003,0.384147
blog_content_cleaned.csv:359,004,0.062603
blog_content_cleaned.csv:359,000,0.005144
blog_content_cleaned.csv:23,008,0.507804
blog_content_cleaned.csv:23,004,0.223712
blog_content_cleaned.csv:23,000,0.191183
blog_content_cleaned.csv:23,007,0.077302
blog_content_cleaned.csv:58,008,0.777941
blog_content_cleaned.csv:58,003,0.140686
blog_content_cleaned.csv:58,004,0.081373
blog_content_cleaned.csv:93,004,0.838694
blog_content_cleaned.csv:93,001,0.129034
blog_content_cleaned.csv:93,008,0.032273
blog_content_cleaned.csv:128,000,0.427456
blog_content_cleaned.csv:128,006,0.260262
blog_content_cleaned.csv:128,004,0.210266
blog_content_cleaned.csv:128,007,0.102015
blog_content_cleaned.csv:163,009,0.949656
blog_content_cleaned.csv:163,006,0.038893
blog_content_cleaned.csv:163,008,0.011451
blog_content_cleaned.csv:193,006,0.580095
blog_content_cleaned.csv:193,009,0.419905
blog_content_cleaned.csv:228,004,0.977213
blog_content_cleaned.csv:228,001,0.022787
blog_content_cleaned.csv:263,007,0.614477
blog_content_cleaned.csv:263,003,0.188915
blog_content_cleaned.csv:263,009,0.136366
blog_content_cleaned.csv:263,004,0.047064
blog_content_cleaned.csv:263,000,0.013177
blog_content_cleaned.csv:298,006,0.659673
blog_content_cleaned.csv:298,002,0.17259
blog_content_cleaned.csv:298,000,0.149014
blog_content_cleaned.csv:298,004,0.018722
blog_content_cleaned.csv:333,001,0.366307
blog_content_cleaned.csv:333,008,0.265827
blog_content_cleaned.csv:333,006,0.225149
blog_content_cleaned.csv:333,003,0.142717
blog_content_cleaned.csv:368,003,0.482391
blog_content_cleaned.csv:368,001,0.296199
blog_content_cleaned.csv:368,004,0.221409
blog_content_cleaned.csv:26,008,0.497795
blog_content_cleaned.csv:26,000,0.229496
blog_content_cleaned.csv:26,004,0.103797
blog_content_cleaned.csv:26,003,0.093433
blog_content_cleaned.csv:26,006,0.07548
blog_content_cleaned.csv:61,005,0.462645
blog_content_cleaned.csv:61,004,0.390997
blog_content_cleaned.csv:61,001,0.146359
blog_content_cleaned.csv:96,001,0.545822
blog_content_cleaned.csv:96,000,0.25695
blog_content_cleaned.csv:96,007,0.156365
blog_content_cleaned.csv:96,004,0.040863
blog_content_cleaned.csv:131,004,0.377913
blog_content_cleaned.csv:131,005,0.314307
blog_content_cleaned.csv:131,006,0.186055
blog_content_cleaned.csv:131,000,0.121725
blog_content_cleaned.csv:166,005,0.491678
blog_content_cleaned.csv:166,009,0.276557
blog_content_cleaned.csv:166,004,0.220415
blog_content_cleaned.csv:166,001,0.01135
blog_content_cleaned.csv:196,005,0.591261
blog_content_cleaned.csv:196,002,0.355732
blog_content_cleaned.csv:196,009,0.053007
blog_content_cleaned.csv:231,006,0.47045
blog_content_cleaned.csv:231,002,0.318801
blog_content_cleaned.csv:231,004,0.111927
blog_content_cleaned.csv:231,000,0.098822
blog_content_cleaned.csv:266,004,0.792963
blog_content_cleaned.csv:266,003,0.098614
blog_content_cleaned.csv:266,009,0.059287
blog_content_cleaned.csv:266,000,0.028386
blog_content_cleaned.csv:266,005,0.02075
blog_content_cleaned.csv:301,003,0.453488
blog_content_cleaned.csv:301,008,0.240655
blog_content_cleaned.csv:301,001,0.164653
blog_content_cleaned.csv:301,006,0.07737
blog_content_cleaned.csv:301,007,0.063834
blog_content_cleaned.csv:336,009,0.778635
blog_content_cleaned.csv:336,003,0.090177
blog_content_cleaned.csv:336,001,0.071673
blog_content_cleaned.csv:336,007,0.059515
blog_content_cleaned.csv:371,008,0.876492
blog_content_cleaned.csv:371,003,0.123508
blog_content_cleaned.csv:13,001,0.934692
blog_content_cleaned.csv:13,002,0.057265
blog_content_cleaned.csv:13,000,0.008043
blog_content_cleaned.csv:48,004,0.650487
blog_content_cleaned.csv:48,005,0.188307
blog_content_cleaned.csv:48,003,0.161206
blog_content_cleaned.csv:83,000,0.601019
blog_content_cleaned.csv:83,001,0.348524
blog_content_cleaned.csv:83,006,0.050458
blog_content_cleaned.csv:118,001,0.31105
blog_content_cleaned.csv:118,009,0.257854
blog_content_cleaned.csv:118,004,0.176216
blog_content_cleaned.csv:118,005,0.112256
blog_content_cleaned.csv:118,007,0.085228
blog_content_cleaned.csv:118,003,0.057396
blog_content_cleaned.csv:153,001,0.425993
blog_content_cleaned.csv:153,000,0.414934
blog_content_cleaned.csv:153,008,0.122707
blog_content_cleaned.csv:153,004,0.036365
blog_content_cleaned.csv:188,009,0.849932
blog_content_cleaned.csv:188,003,0.150068
blog_content_cleaned.csv:218,001,0.792428
blog_content_cleaned.csv:218,009,0.207572
blog_content_cleaned.csv:253,002,0.477885
blog_content_cleaned.csv:253,008,0.194743
blog_content_cleaned.csv:253,004,0.152266
blog_content_cleaned.csv:253,006,0.120396
blog_content_cleaned.csv:253,009,0.05471
blog_content_cleaned.csv:288,001,0.655399
blog_content_cleaned.csv:288,008,0.240782
blog_content_cleaned.csv:288,009,0.103819
blog_content_cleaned.csv:323,001,0.454969
blog_content_cleaned.csv:323,006,0.268872
blog_content_cleaned.csv:323,003,0.192435
blog_content_cleaned.csv:323,002,0.083724
blog_content_cleaned.csv:358,007,0.779194
blog_content_cleaned.csv:358,000,0.185235
blog_content_cleaned.csv:358,003,0.035571
