docname,topic,proportion
blog_content_cleaned.csv:16,001,0.357196
blog_content_cleaned.csv:16,004,0.347027
blog_content_cleaned.csv:16,003,0.295777
blog_content_cleaned.csv:51,002,0.932991
blog_content_cleaned.csv:51,004,0.067009
blog_content_cleaned.csv:86,000,0.755207
blog_content_cleaned.csv:86,005,0.172961
blog_content_cleaned.csv:86,003,0.071832
blog_content_cleaned.csv:121,002,0.935152
blog_content_cleaned.csv:121,003,0.064848
blog_content_cleaned.csv:156,004,0.455507
blog_content_cleaned.csv:156,003,0.367467
blog_content_cleaned.csv:156,006,0.11089
blog_content_cleaned.csv:156,002,0.066135
blog_content_cleaned.csv:221,002,0.703649
blog_content_cleaned.csv:221,004,0.201569
blog_content_cleaned.csv:221,006,0.094781
blog_content_cleaned.csv:256,003,0.640843
blog_content_cleaned.csv:256,004,0.359157
blog_content_cleaned.csv:291,002,0.543841
blog_content_cleaned.csv:291,006,0.240023
blog_content_cleaned.csv:291,005,0.216136
blog_content_cleaned.csv:326,003,0.94029
blog_content_cleaned.csv:326,002,0.05971
blog_content_cleaned.csv:361,005,0.820486
blog_content_cleaned.csv:361,002,0.161327
blog_content_cleaned.csv:361,000,0.018187
blog_content_cleaned.csv:19,003,0.515623
blog_content_cleaned.csv:19,002,0.344822
blog_content_cleaned.csv:19,001,0.139555
blog_content_cleaned.csv:54,003,0.764276
blog_content_cleaned.csv:54,004,0.199385
blog_content_cleaned.csv:54,000,0.03634
blog_content_cleaned.csv:89,000,0.739213
blog_content_cleaned.csv:89,006,0.224476
blog_content_cleaned.csv:89,001,0.036311
blog_content_cleaned.csv:124,005,0.910992
blog_content_cleaned.csv:124,001,0.050033
blog_content_cleaned.csv:124,003,0.038976
blog_content_cleaned.csv:159,001,0.657121
blog_content_cleaned.csv:159,006,0.225336
blog_content_cleaned.csv:159,002,0.117543
blog_content_cleaned.csv:224,000,0.506482
blog_content_cleaned.csv:224,003,0.490515
blog_content_cleaned.csv:224,004,0.003003
blog_content_cleaned.csv:259,005,0.734132
blog_content_cleaned.csv:259,002,0.265868
blog_content_cleaned.csv:294,004,0.556901
blog_content_cleaned.csv:294,001,0.406819
blog_content_cleaned.csv:294,006,0.036279
blog_content_cleaned.csv:329,003,0.652784
blog_content_cleaned.csv:329,006,0.223767
blog_content_cleaned.csv:329,001,0.075559
blog_content_cleaned.csv:329,004,0.04789
blog_content_cleaned.csv:364,000,0.542623
blog_content_cleaned.csv:364,002,0.298817
blog_content_cleaned.csv:364,006,0.158559
blog_content_cleaned.csv:20,002,0.710423
blog_content_cleaned.csv:20,000,0.157241
blog_content_cleaned.csv:20,001,0.087775
blog_content_cleaned.csv:20,003,0.044561
blog_content_cleaned.csv:55,002,0.586743
blog_content_cleaned.csv:55,000,0.268024
blog_content_cleaned.csv:55,006,0.12194
blog_content_cleaned.csv:55,001,0.023294
blog_content_cleaned.csv:90,005,0.670848
blog_content_cleaned.csv:90,003,0.283024
blog_content_cleaned.csv:90,006,0.046128
blog_content_cleaned.csv:125,005,0.65224
blog_content_cleaned.csv:125,006,0.212458
blog_content_cleaned.csv:125,001,0.093486
blog_content_cleaned.csv:125,002,0.041816
blog_content_cleaned.csv:160,003,0.577505
blog_content_cleaned.csv:160,001,0.350919
blog_content_cleaned.csv:160,006,0.071576
blog_content_cleaned.csv:190,006,0.47497
blog_content_cleaned.csv:190,002,0.386165
blog_content_cleaned.csv:190,001,0.135367
blog_content_cleaned.csv:190,003,0.003498
blog_content_cleaned.csv:225,000,0.686821
blog_content_cleaned.csv:225,003,0.287242
blog_content_cleaned.csv:225,006,0.025936
blog_content_cleaned.csv:260,003,0.686883
blog_content_cleaned.csv:260,005,0.161459
blog_content_cleaned.csv:260,006,0.116679
blog_content_cleaned.csv:260,001,0.034979
blog_content_cleaned.csv:295,004,0.509127
blog_content_cleaned.csv:295,001,0.447321
blog_content_cleaned.csv:295,002,0.043551
blog_content_cleaned.csv:330,000,0.459511
blog_content_cleaned.csv:330,004,0.283478
blog_content_cleaned.csv:330,006,0.257011
blog_content_cleaned.csv:365,004,0.867393
blog_content_cleaned.csv:365,006,0.091919
blog_content_cleaned.csv:365,003,0.040688
blog_content_cleaned.csv:18,001,0.932104
blog_content_cleaned.csv:18,000,0.053689
blog_content_cleaned.csv:18,002,0.014206
blog_content_cleaned.csv:53,002,0.482513
blog_content_cleaned.csv:53,001,0.466175
blog_content_cleaned.csv:53,004,0.051313
blog_content_cleaned.csv:88,003,0.917484
blog_content_cleaned.csv:88,006,0.082517
blog_content_cleaned.csv:123,006,0.871636
blog_content_cleaned.csv:123,002,0.095693
blog_content_cleaned.csv:123,000,0.032672
blog_content_cleaned.csv:158,004,0.50644
blog_content_cleaned.csv:158,003,0.387497
blog_content_cleaned.csv:158,006,0.106064
blog_content_cleaned.csv:223,001,0.39901
blog_content_cleaned.csv:223,002,0.303488
blog_content_cleaned.csv:223,004,0.215003
blog_content_cleaned.csv:223,006,0.082499
blog_content_cleaned.csv:258,003,0.699373
blog_content_cleaned.csv:258,005,0.300627
blog_content_cleaned.csv:293,006,0.455025
blog_content_cleaned.csv:293,002,0.307452
blog_content_cleaned.csv:293,000,0.138937
blog_content_cleaned.csv:293,005,0.098586
blog_content_cleaned.csv:328,000,0.832089
blog_content_cleaned.csv:328,002,0.143051
blog_content_cleaned.csv:328,001,0.02486
blog_content_cleaned.csv:363,005,0.630086
blog_content_cleaned.csv:363,003,0.157229
blog_content_cleaned.csv:363,001,0.130438
blog_content_cleaned.csv:363,000,0.082247
blog_content_cleaned.csv:28,001,0.765327
blog_content_cleaned.csv:28,002,0.12879
blog_content_cleaned.csv:28,006,0.097018
blog_content_cleaned.csv:28,003,0.008865
blog_content_cleaned.csv:63,004,0.380364
blog_content_cleaned.csv:63,002,0.276002
blog_content_cleaned.csv:63,006,0.166597
blog_content_cleaned.csv:63,000,0.149158
blog_content_cleaned.csv:63,003,0.027878
blog_content_cleaned.csv:98,003,0.489652
blog_content_cleaned.csv:98,002,0.261066
blog_content_cleaned.csv:98,000,0.159793
blog_content_cleaned.csv:98,004,0.089489
blog_content_cleaned.csv:133,003,0.45721
blog_content_cleaned.csv:133,004,0.404744
blog_content_cleaned.csv:133,006,0.138046
blog_content_cleaned.csv:168,001,0.521005
blog_content_cleaned.csv:168,006,0.332884
blog_content_cleaned.csv:168,002,0.146111
blog_content_cleaned.csv:198,001,0.387632
blog_content_cleaned.csv:198,003,0.254237
blog_content_cleaned.csv:198,005,0.189659
blog_content_cleaned.csv:198,000,0.168472
blog_content_cleaned.csv:233,003,0.763864
blog_content_cleaned.csv:233,005,0.137866
blog_content_cleaned.csv:233,006,0.098269
blog_content_cleaned.csv:268,001,0.648651
blog_content_cleaned.csv:268,002,0.242927
blog_content_cleaned.csv:268,004,0.108422
blog_content_cleaned.csv:303,001,0.95114
blog_content_cleaned.csv:303,005,0.04886
blog_content_cleaned.csv:338,002,0.778336
blog_content_cleaned.csv:338,004,0.141488
blog_content_cleaned.csv:338,006,0.080177
blog_content_cleaned.csv:373,005,0.63377
blog_content_cleaned.csv:373,004,0.215582
blog_content_cleaned.csv:373,001,0.150648
blog_content_cleaned.csv:12,005,0.299692
blog_content_cleaned.csv:12,004,0.25114
blog_content_cleaned.csv:12,001,0.228737
blog_content_cleaned.csv:12,002,0.220431
blog_content_cleaned.csv:47,001,0.397253
blog_content_cleaned.csv:47,002,0.312187
blog_content_cleaned.csv:47,000,0.154772
blog_content_cleaned.csv:47,003,0.135788
blog_content_cleaned.csv:82,003,0.718452
blog_content_cleaned.csv:82,000,0.281549
blog_content_cleaned.csv:117,001,0.886911
blog_content_cleaned.csv:117,005,0.113089
blog_content_cleaned.csv:152,000,0.460357
blog_content_cleaned.csv:152,006,0.40661
blog_content_cleaned.csv:152,002,0.133032
blog_content_cleaned.csv:187,003,0.81559
blog_content_cleaned.csv:187,001,0.18441
blog_content_cleaned.csv:217,003,0.647895
blog_content_cleaned.csv:217,004,0.210816
blog_content_cleaned.csv:217,001,0.089156
blog_content_cleaned.csv:217,005,0.052133
blog_content_cleaned.csv:252,006,0.698065
blog_content_cleaned.csv:252,005,0.283486
blog_content_cleaned.csv:252,000,0.018448
blog_content_cleaned.csv:287,006,0.879789
blog_content_cleaned.csv:287,002,0.081454
blog_content_cleaned.csv:287,001,0.038758
blog_content_cleaned.csv:322,004,0.632875
blog_content_cleaned.csv:322,003,0.367125
blog_content_cleaned.csv:357,001,0.897559
blog_content_cleaned.csv:357,002,0.102441
blog_content_cleaned.csv:33,002,0.859475
blog_content_cleaned.csv:33,005,0.084539
blog_content_cleaned.csv:33,006,0.029825
blog_content_cleaned.csv:33,004,0.026162
blog_content_cleaned.csv:68,001,1.0
blog_content_cleaned.csv:103,002,0.473231
blog_content_cleaned.csv:103,001,0.353852
blog_content_cleaned.csv:103,003,0.11525
blog_content_cleaned.csv:103,006,0.057668
blog_content_cleaned.csv:138,002,0.399729
blog_content_cleaned.csv:138,001,0.39843
blog_content_cleaned.csv:138,004,0.141953
blog_content_cleaned.csv:138,006,0.059888
blog_content_cleaned.csv:173,000,0.95669
blog_content_cleaned.csv:173,001,0.04331
blog_content_cleaned.csv:203,002,0.681451
blog_content_cleaned.csv:203,004,0.170829
blog_content_cleaned.csv:203,006,0.14772
blog_content_cleaned.csv:238,001,1.0
blog_content_cleaned.csv:273,001,0.475411
blog_content_cleaned.csv:273,002,0.420598
blog_content_cleaned.csv:273,000,0.103991
blog_content_cleaned.csv:308,005,0.918638
blog_content_cleaned.csv:308,001,0.081362
blog_content_cleaned.csv:343,000,0.769768
blog_content_cleaned.csv:343,001,0.230232
blog_content_cleaned.csv:378,003,0.5828
blog_content_cleaned.csv:378,000,0.343246
blog_content_cleaned.csv:378,005,0.073953
blog_content_cleaned.csv:1,004,1.0
blog_content_cleaned.csv:36,001,0.48086
blog_content_cleaned.csv:36,000,0.291411
blog_content_cleaned.csv:36,005,0.22773
blog_content_cleaned.csv:71,001,0.586638
blog_content_cleaned.csv:71,004,0.319471
blog_content_cleaned.csv:71,003,0.093891
blog_content_cleaned.csv:106,002,0.650807
blog_content_cleaned.csv:106,004,0.257023
blog_content_cleaned.csv:106,006,0.092171
blog_content_cleaned.csv:141,006,0.735453
blog_content_cleaned.csv:141,000,0.18819
blog_content_cleaned.csv:141,002,0.076356
blog_content_cleaned.csv:176,000,0.62968
blog_content_cleaned.csv:176,001,0.212877
blog_content_cleaned.csv:176,002,0.157442
blog_content_cleaned.csv:206,006,0.705081
blog_content_cleaned.csv:206,001,0.178967
blog_content_cleaned.csv:206,003,0.115952
blog_content_cleaned.csv:241,004,0.604813
blog_content_cleaned.csv:241,003,0.359566
blog_content_cleaned.csv:241,001,0.03562
blog_content_cleaned.csv:276,004,0.515629
blog_content_cleaned.csv:276,002,0.282613
blog_content_cleaned.csv:276,000,0.201757
blog_content_cleaned.csv:311,003,0.989667
blog_content_cleaned.csv:311,000,0.010333
blog_content_cleaned.csv:346,002,0.575462
blog_content_cleaned.csv:346,000,0.424538
blog_content_cleaned.csv:381,000,0.588978
blog_content_cleaned.csv:381,003,0.411022
blog_content_cleaned.csv:2,006,0.599242
blog_content_cleaned.csv:2,001,0.400758
blog_content_cleaned.csv:37,001,0.997108
blog_content_cleaned.csv:37,002,0.002892
blog_content_cleaned.csv:72,003,0.801306
blog_content_cleaned.csv:72,000,0.151696
blog_content_cleaned.csv:72,004,0.046998
blog_content_cleaned.csv:107,002,0.482837
blog_content_cleaned.csv:107,006,0.26977
blog_content_cleaned.csv:107,005,0.089282
blog_content_cleaned.csv:107,004,0.086966
blog_content_cleaned.csv:107,000,0.071145
blog_content_cleaned.csv:142,000,0.511035
blog_content_cleaned.csv:142,004,0.430317
blog_content_cleaned.csv:142,003,0.058648
blog_content_cleaned.csv:177,006,0.938922
blog_content_cleaned.csv:177,005,0.061078
blog_content_cleaned.csv:207,000,0.569781
blog_content_cleaned.csv:207,003,0.415457
blog_content_cleaned.csv:207,004,0.014763
blog_content_cleaned.csv:242,005,0.89802
blog_content_cleaned.csv:242,006,0.10198
blog_content_cleaned.csv:277,003,0.412536
blog_content_cleaned.csv:277,001,0.295145
blog_content_cleaned.csv:277,002,0.226121
blog_content_cleaned.csv:277,004,0.066198
blog_content_cleaned.csv:312,005,0.960663
blog_content_cleaned.csv:312,002,0.039337
blog_content_cleaned.csv:347,005,0.982423
blog_content_cleaned.csv:347,001,0.017577
blog_content_cleaned.csv:382,000,0.61247
blog_content_cleaned.csv:382,003,0.292719
blog_content_cleaned.csv:382,004,0.094811
blog_content_cleaned.csv:5,000,0.469976
blog_content_cleaned.csv:5,003,0.204423
blog_content_cleaned.csv:5,004,0.179293
blog_content_cleaned.csv:5,001,0.146308
blog_content_cleaned.csv:40,004,0.742097
blog_content_cleaned.csv:40,001,0.123853
blog_content_cleaned.csv:40,003,0.081857
blog_content_cleaned.csv:40,002,0.052193
blog_content_cleaned.csv:75,001,0.82391
blog_content_cleaned.csv:75,002,0.17609
blog_content_cleaned.csv:110,001,0.615989
blog_content_cleaned.csv:110,002,0.159631
blog_content_cleaned.csv:110,004,0.145257
blog_content_cleaned.csv:110,003,0.079124
blog_content_cleaned.csv:145,005,0.612019
blog_content_cleaned.csv:145,001,0.324137
blog_content_cleaned.csv:145,004,0.063844
blog_content_cleaned.csv:180,003,0.641172
blog_content_cleaned.csv:180,000,0.358829
blog_content_cleaned.csv:210,001,0.889456
blog_content_cleaned.csv:210,005,0.110544
blog_content_cleaned.csv:245,006,0.622841
blog_content_cleaned.csv:245,001,0.356237
blog_content_cleaned.csv:245,003,0.020922
blog_content_cleaned.csv:280,000,0.81954
blog_content_cleaned.csv:280,001,0.09431
blog_content_cleaned.csv:280,006,0.08615
blog_content_cleaned.csv:315,000,0.895693
blog_content_cleaned.csv:315,002,0.104307
blog_content_cleaned.csv:350,003,1.0
blog_content_cleaned.csv:385,002,0.956567
blog_content_cleaned.csv:385,001,0.043433
blog_content_cleaned.csv:29,004,0.475351
blog_content_cleaned.csv:29,000,0.433208
blog_content_cleaned.csv:29,001,0.061217
blog_content_cleaned.csv:29,006,0.030224
blog_content_cleaned.csv:64,002,0.323735
blog_content_cleaned.csv:64,001,0.232267
blog_content_cleaned.csv:64,004,0.230611
blog_content_cleaned.csv:64,005,0.213387
blog_content_cleaned.csv:99,001,0.846218
blog_content_cleaned.csv:99,005,0.097747
blog_content_cleaned.csv:99,003,0.056034
blog_content_cleaned.csv:134,005,0.686886
blog_content_cleaned.csv:134,001,0.207999
blog_content_cleaned.csv:134,003,0.061941
blog_content_cleaned.csv:134,002,0.043174
blog_content_cleaned.csv:169,004,0.351804
blog_content_cleaned.csv:169,005,0.223343
blog_content_cleaned.csv:169,001,0.197817
blog_content_cleaned.csv:169,002,0.181098
blog_content_cleaned.csv:169,006,0.045938
blog_content_cleaned.csv:199,001,0.919876
blog_content_cleaned.csv:199,005,0.080124
blog_content_cleaned.csv:234,001,0.685852
blog_content_cleaned.csv:234,002,0.165442
blog_content_cleaned.csv:234,000,0.148706
blog_content_cleaned.csv:269,002,1.0
blog_content_cleaned.csv:304,000,0.506217
blog_content_cleaned.csv:304,002,0.493783
blog_content_cleaned.csv:339,006,0.447199
blog_content_cleaned.csv:339,001,0.378694
blog_content_cleaned.csv:339,002,0.150857
blog_content_cleaned.csv:339,000,0.023249
blog_content_cleaned.csv:374,003,1.0
blog_content_cleaned.csv:14,004,0.796208
blog_content_cleaned.csv:14,002,0.203792
blog_content_cleaned.csv:49,000,0.928198
blog_content_cleaned.csv:49,004,0.071802
blog_content_cleaned.csv:84,001,0.953029
blog_content_cleaned.csv:84,002,0.046971
blog_content_cleaned.csv:119,004,0.436811
blog_content_cleaned.csv:119,006,0.356154
blog_content_cleaned.csv:119,003,0.207036
blog_content_cleaned.csv:154,005,0.576046
blog_content_cleaned.csv:154,002,0.318452
blog_content_cleaned.csv:154,001,0.076805
blog_content_cleaned.csv:154,003,0.028697
blog_content_cleaned.csv:189,004,0.603533
blog_content_cleaned.csv:189,002,0.396467
blog_content_cleaned.csv:219,002,0.65531
blog_content_cleaned.csv:219,000,0.34469
blog_content_cleaned.csv:254,005,0.667556
blog_content_cleaned.csv:254,001,0.199316
blog_content_cleaned.csv:254,006,0.133128
blog_content_cleaned.csv:289,002,0.909182
blog_content_cleaned.csv:289,001,0.04781
blog_content_cleaned.csv:289,006,0.032391
blog_content_cleaned.csv:289,005,0.010617
blog_content_cleaned.csv:324,000,0.734764
blog_content_cleaned.csv:324,004,0.204459
blog_content_cleaned.csv:324,005,0.060777
blog_content_cleaned.csv:359,000,0.63407
blog_content_cleaned.csv:359,001,0.259471
blog_content_cleaned.csv:359,006,0.10646
blog_content_cleaned.csv:6,004,0.483797
blog_content_cleaned.csv:6,001,0.297091
blog_content_cleaned.csv:6,003,0.219112
blog_content_cleaned.csv:41,003,0.83202
blog_content_cleaned.csv:41,006,0.16798
blog_content_cleaned.csv:76,000,0.69192
blog_content_cleaned.csv:76,002,0.302838
blog_content_cleaned.csv:76,001,0.005242
blog_content_cleaned.csv:111,002,0.448391
blog_content_cleaned.csv:111,001,0.270879
blog_content_cleaned.csv:111,006,0.268588
blog_content_cleaned.csv:111,000,0.012141
blog_content_cleaned.csv:146,001,0.521399
blog_content_cleaned.csv:146,003,0.186712
blog_content_cleaned.csv:146,006,0.183391
blog_content_cleaned.csv:146,004,0.108498
blog_content_cleaned.csv:181,002,0.926755
blog_content_cleaned.csv:181,004,0.073245
blog_content_cleaned.csv:211,003,0.494513
blog_content_cleaned.csv:211,000,0.264261
blog_content_cleaned.csv:211,002,0.241226
blog_content_cleaned.csv:246,003,0.571863
blog_content_cleaned.csv:246,005,0.317236
blog_content_cleaned.csv:246,006,0.105929
blog_content_cleaned.csv:246,002,0.004972
blog_content_cleaned.csv:281,002,0.910295
blog_content_cleaned.csv:281,005,0.057256
blog_content_cleaned.csv:281,003,0.032449
blog_content_cleaned.csv:316,001,0.705432
blog_content_cleaned.csv:316,002,0.128893
blog_content_cleaned.csv:316,004,0.12254
blog_content_cleaned.csv:316,005,0.043135
blog_content_cleaned.csv:351,000,0.591436
blog_content_cleaned.csv:351,004,0.408564
blog_content_cleaned.csv:386,001,0.696317
blog_content_cleaned.csv:386,004,0.259832
blog_content_cleaned.csv:386,006,0.043852
blog_content_cleaned.csv:30,002,0.799495
blog_content_cleaned.csv:30,006,0.154431
blog_content_cleaned.csv:30,000,0.046074
blog_content_cleaned.csv:65,003,0.369432
blog_content_cleaned.csv:65,004,0.327473
blog_content_cleaned.csv:65,006,0.196293
blog_content_cleaned.csv:65,002,0.070486
blog_content_cleaned.csv:65,000,0.036316
blog_content_cleaned.csv:100,004,0.541423
blog_content_cleaned.csv:100,002,0.261207
blog_content_cleaned.csv:100,000,0.19737
blog_content_cleaned.csv:135,002,0.770404
blog_content_cleaned.csv:135,004,0.135988
blog_content_cleaned.csv:135,005,0.093608
blog_content_cleaned.csv:170,002,0.804606
blog_content_cleaned.csv:170,001,0.195394
blog_content_cleaned.csv:200,002,0.71808
blog_content_cleaned.csv:200,005,0.28192
blog_content_cleaned.csv:235,001,0.799409
blog_content_cleaned.csv:235,002,0.129698
blog_content_cleaned.csv:235,005,0.070893
blog_content_cleaned.csv:270,003,0.854036
blog_content_cleaned.csv:270,006,0.08935
blog_content_cleaned.csv:270,000,0.056614
blog_content_cleaned.csv:305,001,0.597816
blog_content_cleaned.csv:305,005,0.32571
blog_content_cleaned.csv:305,004,0.076474
blog_content_cleaned.csv:340,002,0.63036
blog_content_cleaned.csv:340,004,0.143984
blog_content_cleaned.csv:340,000,0.125682
blog_content_cleaned.csv:340,001,0.099974
blog_content_cleaned.csv:375,003,0.650642
blog_content_cleaned.csv:375,000,0.349358
blog_content_cleaned.csv:0,001,0.492287
blog_content_cleaned.csv:0,006,0.416715
blog_content_cleaned.csv:0,004,0.090998
blog_content_cleaned.csv:35,003,0.533381
blog_content_cleaned.csv:35,004,0.34267
blog_content_cleaned.csv:35,002,0.123949
blog_content_cleaned.csv:70,001,0.409383
blog_content_cleaned.csv:70,002,0.316255
blog_content_cleaned.csv:70,004,0.274362
blog_content_cleaned.csv:105,001,0.823142
blog_content_cleaned.csv:105,006,0.089966
blog_content_cleaned.csv:105,005,0.086892
blog_content_cleaned.csv:140,005,0.770015
blog_content_cleaned.csv:140,002,0.165589
blog_content_cleaned.csv:140,006,0.0402
blog_content_cleaned.csv:140,004,0.024196
blog_content_cleaned.csv:175,005,0.840859
blog_content_cleaned.csv:175,006,0.12625
blog_content_cleaned.csv:175,001,0.03289
blog_content_cleaned.csv:205,003,0.452714
blog_content_cleaned.csv:205,005,0.339811
blog_content_cleaned.csv:205,001,0.207475
blog_content_cleaned.csv:240,003,0.477451
blog_content_cleaned.csv:240,005,0.265554
blog_content_cleaned.csv:240,006,0.256995
blog_content_cleaned.csv:275,001,0.638652
blog_content_cleaned.csv:275,002,0.199646
blog_content_cleaned.csv:275,000,0.161702
blog_content_cleaned.csv:310,000,0.774995
blog_content_cleaned.csv:310,002,0.141544
blog_content_cleaned.csv:310,006,0.08346
blog_content_cleaned.csv:345,002,0.501356
blog_content_cleaned.csv:345,004,0.255633
blog_content_cleaned.csv:345,000,0.236499
blog_content_cleaned.csv:345,001,0.006512
blog_content_cleaned.csv:380,005,0.722941
blog_content_cleaned.csv:380,004,0.154842
blog_content_cleaned.csv:380,000,0.122217
blog_content_cleaned.csv:21,004,0.802333
blog_content_cleaned.csv:21,001,0.197667
blog_content_cleaned.csv:56,001,0.501997
blog_content_cleaned.csv:56,004,0.428648
blog_content_cleaned.csv:56,005,0.066558
blog_content_cleaned.csv:56,002,0.002797
blog_content_cleaned.csv:91,003,0.294487
blog_content_cleaned.csv:91,000,0.292902
blog_content_cleaned.csv:91,004,0.256862
blog_content_cleaned.csv:91,002,0.155749
blog_content_cleaned.csv:126,002,0.465803
blog_content_cleaned.csv:126,000,0.338124
blog_content_cleaned.csv:126,003,0.196072
blog_content_cleaned.csv:161,001,0.617971
blog_content_cleaned.csv:161,000,0.225393
blog_content_cleaned.csv:161,004,0.098159
blog_content_cleaned.csv:161,006,0.058476
blog_content_cleaned.csv:191,003,0.929175
blog_content_cleaned.csv:191,006,0.053521
blog_content_cleaned.csv:191,001,0.017304
blog_content_cleaned.csv:226,001,0.560579
blog_content_cleaned.csv:226,005,0.435883
blog_content_cleaned.csv:226,000,0.003538
blog_content_cleaned.csv:261,002,0.571337
blog_content_cleaned.csv:261,001,0.428663
blog_content_cleaned.csv:296,005,0.630662
blog_content_cleaned.csv:296,002,0.186127
blog_content_cleaned.csv:296,004,0.085443
blog_content_cleaned.csv:296,001,0.057729
blog_content_cleaned.csv:296,003,0.040039
blog_content_cleaned.csv:331,003,0.892113
blog_content_cleaned.csv:331,000,0.107887
blog_content_cleaned.csv:366,006,0.856976
blog_content_cleaned.csv:366,004,0.143024
blog_content_cleaned.csv:26,006,0.466275
blog_content_cleaned.csv:26,001,0.291171
blog_content_cleaned.csv:26,000,0.242554
blog_content_cleaned.csv:61,004,1.0
blog_content_cleaned.csv:96,003,0.521021
blog_content_cleaned.csv:96,004,0.350272
blog_content_cleaned.csv:96,001,0.128706
blog_content_cleaned.csv:131,001,0.454659
blog_content_cleaned.csv:131,004,0.238114
blog_content_cleaned.csv:131,003,0.155799
blog_content_cleaned.csv:131,005,0.151429
blog_content_cleaned.csv:166,005,0.382157
blog_content_cleaned.csv:166,002,0.2881
blog_content_cleaned.csv:166,001,0.17513
blog_content_cleaned.csv:166,003,0.154613
blog_content_cleaned.csv:196,004,0.930867
blog_content_cleaned.csv:196,005,0.069133
blog_content_cleaned.csv:231,004,0.470065
blog_content_cleaned.csv:231,000,0.297901
blog_content_cleaned.csv:231,006,0.169739
blog_content_cleaned.csv:231,001,0.062295
blog_content_cleaned.csv:266,004,0.506332
blog_content_cleaned.csv:266,003,0.347058
blog_content_cleaned.csv:266,001,0.14661
blog_content_cleaned.csv:301,000,0.338174
blog_content_cleaned.csv:301,005,0.198052
blog_content_cleaned.csv:301,002,0.191837
blog_content_cleaned.csv:301,006,0.171697
blog_content_cleaned.csv:301,003,0.100241
blog_content_cleaned.csv:336,005,0.846822
blog_content_cleaned.csv:336,002,0.153178
blog_content_cleaned.csv:371,006,0.872183
blog_content_cleaned.csv:371,001,0.109548
blog_content_cleaned.csv:371,000,0.018269
blog_content_cleaned.csv:7,002,0.595064
blog_content_cleaned.csv:7,003,0.404936
blog_content_cleaned.csv:42,002,0.380059
blog_content_cleaned.csv:42,003,0.262628
blog_content_cleaned.csv:42,001,0.21142
blog_content_cleaned.csv:42,005,0.145893
blog_content_cleaned.csv:77,001,0.601211
blog_content_cleaned.csv:77,003,0.398789
blog_content_cleaned.csv:112,001,0.867856
blog_content_cleaned.csv:112,002,0.132144
blog_content_cleaned.csv:147,003,0.342551
blog_content_cleaned.csv:147,005,0.246407
blog_content_cleaned.csv:147,001,0.240294
blog_content_cleaned.csv:147,006,0.170749
blog_content_cleaned.csv:182,001,0.435536
blog_content_cleaned.csv:182,002,0.252702
blog_content_cleaned.csv:182,004,0.248788
blog_content_cleaned.csv:182,000,0.062974
blog_content_cleaned.csv:212,003,0.518327
blog_content_cleaned.csv:212,006,0.481673
blog_content_cleaned.csv:247,003,0.362218
blog_content_cleaned.csv:247,006,0.318708
blog_content_cleaned.csv:247,001,0.220648
blog_content_cleaned.csv:247,004,0.098426
blog_content_cleaned.csv:282,002,0.80661
blog_content_cleaned.csv:282,006,0.104823
blog_content_cleaned.csv:282,004,0.053964
blog_content_cleaned.csv:282,000,0.034603
blog_content_cleaned.csv:317,005,0.705579
blog_content_cleaned.csv:317,003,0.175525
blog_content_cleaned.csv:317,006,0.113688
blog_content_cleaned.csv:317,000,0.005209
blog_content_cleaned.csv:352,001,0.791231
blog_content_cleaned.csv:352,005,0.198406
blog_content_cleaned.csv:352,002,0.010363
blog_content_cleaned.csv:387,004,0.933581
blog_content_cleaned.csv:387,006,0.066419
blog_content_cleaned.csv:3,003,0.526683
blog_content_cleaned.csv:3,005,0.273236
blog_content_cleaned.csv:3,001,0.200082
blog_content_cleaned.csv:38,002,0.708085
blog_content_cleaned.csv:38,006,0.1781
blog_content_cleaned.csv:38,005,0.084275
blog_content_cleaned.csv:38,001,0.02954
blog_content_cleaned.csv:73,004,0.486769
blog_content_cleaned.csv:73,000,0.449446
blog_content_cleaned.csv:73,001,0.063785
blog_content_cleaned.csv:108,001,0.777791
blog_content_cleaned.csv:108,004,0.167224
blog_content_cleaned.csv:108,005,0.054985
blog_content_cleaned.csv:143,001,0.601315
blog_content_cleaned.csv:143,000,0.234792
blog_content_cleaned.csv:143,004,0.163894
blog_content_cleaned.csv:178,002,0.550278
blog_content_cleaned.csv:178,004,0.274935
blog_content_cleaned.csv:178,001,0.174787
blog_content_cleaned.csv:208,002,0.670245
blog_content_cleaned.csv:208,001,0.203629
blog_content_cleaned.csv:208,006,0.126126
blog_content_cleaned.csv:243,000,0.639688
blog_content_cleaned.csv:243,003,0.360312
blog_content_cleaned.csv:278,002,0.99176
blog_content_cleaned.csv:278,000,0.008239
blog_content_cleaned.csv:313,000,0.943955
blog_content_cleaned.csv:313,006,0.056045
blog_content_cleaned.csv:348,006,0.734141
blog_content_cleaned.csv:348,000,0.133478
blog_content_cleaned.csv:348,005,0.132381
blog_content_cleaned.csv:383,001,0.717043
blog_content_cleaned.csv:383,004,0.170699
blog_content_cleaned.csv:383,000,0.112258
blog_content_cleaned.csv:24,006,0.882091
blog_content_cleaned.csv:24,005,0.072729
blog_content_cleaned.csv:24,000,0.045179
blog_content_cleaned.csv:59,001,0.849788
blog_content_cleaned.csv:59,006,0.150212
blog_content_cleaned.csv:94,002,0.681823
blog_content_cleaned.csv:94,004,0.312494
blog_content_cleaned.csv:94,000,0.005683
blog_content_cleaned.csv:129,000,0.410932
blog_content_cleaned.csv:129,004,0.280821
blog_content_cleaned.csv:129,003,0.155446
blog_content_cleaned.csv:129,001,0.092425
blog_content_cleaned.csv:129,006,0.060377
blog_content_cleaned.csv:164,001,0.437015
blog_content_cleaned.csv:164,006,0.412811
blog_content_cleaned.csv:164,003,0.10294
blog_content_cleaned.csv:164,002,0.047235
blog_content_cleaned.csv:194,002,0.694825
blog_content_cleaned.csv:194,001,0.242657
blog_content_cleaned.csv:194,005,0.062518
blog_content_cleaned.csv:229,003,0.424207
blog_content_cleaned.csv:229,004,0.217276
blog_content_cleaned.csv:229,006,0.214017
blog_content_cleaned.csv:229,001,0.1445
blog_content_cleaned.csv:264,003,0.541168
blog_content_cleaned.csv:264,006,0.309392
blog_content_cleaned.csv:264,002,0.14944
blog_content_cleaned.csv:299,002,0.399293
blog_content_cleaned.csv:299,001,0.339482
blog_content_cleaned.csv:299,004,0.261225
blog_content_cleaned.csv:334,000,0.447171
blog_content_cleaned.csv:334,001,0.285911
blog_content_cleaned.csv:334,004,0.266917
blog_content_cleaned.csv:369,000,0.439723
blog_content_cleaned.csv:369,004,0.362206
blog_content_cleaned.csv:369,006,0.198071
blog_content_cleaned.csv:22,006,0.917411
blog_content_cleaned.csv:22,000,0.082589
blog_content_cleaned.csv:57,002,0.584426
blog_content_cleaned.csv:57,001,0.415574
blog_content_cleaned.csv:92,003,0.871166
blog_content_cleaned.csv:92,004,0.128834
blog_content_cleaned.csv:127,002,0.647745
blog_content_cleaned.csv:127,005,0.217173
blog_content_cleaned.csv:127,001,0.095265
blog_content_cleaned.csv:127,006,0.039816
blog_content_cleaned.csv:162,003,0.916788
blog_content_cleaned.csv:162,001,0.083212
blog_content_cleaned.csv:192,001,0.7635
blog_content_cleaned.csv:192,000,0.129939
blog_content_cleaned.csv:192,002,0.106562
blog_content_cleaned.csv:227,005,0.955516
blog_content_cleaned.csv:227,002,0.044484
blog_content_cleaned.csv:262,001,0.494834
blog_content_cleaned.csv:262,006,0.332794
blog_content_cleaned.csv:262,002,0.150708
blog_content_cleaned.csv:262,000,0.021664
blog_content_cleaned.csv:297,000,0.764864
blog_content_cleaned.csv:297,002,0.179657
blog_content_cleaned.csv:297,006,0.055479
blog_content_cleaned.csv:332,000,0.964947
blog_content_cleaned.csv:332,006,0.035053
blog_content_cleaned.csv:367,000,0.400215
blog_content_cleaned.csv:367,003,0.345143
blog_content_cleaned.csv:367,002,0.215292
blog_content_cleaned.csv:367,006,0.03935
blog_content_cleaned.csv:8,000,0.603711
blog_content_cleaned.csv:8,002,0.396289
blog_content_cleaned.csv:43,000,0.487566
blog_content_cleaned.csv:43,004,0.433837
blog_content_cleaned.csv:43,006,0.060692
blog_content_cleaned.csv:43,003,0.017906
blog_content_cleaned.csv:78,005,0.735592
blog_content_cleaned.csv:78,006,0.123879
blog_content_cleaned.csv:78,003,0.088488
blog_content_cleaned.csv:78,001,0.052041
blog_content_cleaned.csv:113,002,0.522623
blog_content_cleaned.csv:113,001,0.477377
blog_content_cleaned.csv:148,002,0.586103
blog_content_cleaned.csv:148,006,0.34708
blog_content_cleaned.csv:148,001,0.066817
blog_content_cleaned.csv:183,006,0.451743
blog_content_cleaned.csv:183,001,0.365077
blog_content_cleaned.csv:183,005,0.18318
blog_content_cleaned.csv:213,005,0.64258
blog_content_cleaned.csv:213,006,0.285005
blog_content_cleaned.csv:213,004,0.046016
blog_content_cleaned.csv:213,001,0.026399
blog_content_cleaned.csv:248,001,0.620817
blog_content_cleaned.csv:248,003,0.289777
blog_content_cleaned.csv:248,005,0.089406
blog_content_cleaned.csv:283,001,0.912176
blog_content_cleaned.csv:283,004,0.087824
blog_content_cleaned.csv:318,003,0.531556
blog_content_cleaned.csv:318,001,0.201147
blog_content_cleaned.csv:318,000,0.191105
blog_content_cleaned.csv:318,002,0.076192
blog_content_cleaned.csv:353,001,0.889439
blog_content_cleaned.csv:353,004,0.060823
blog_content_cleaned.csv:353,000,0.049738
blog_content_cleaned.csv:388,006,0.981814
blog_content_cleaned.csv:388,002,0.018186
blog_content_cleaned.csv:4,005,0.925597
blog_content_cleaned.csv:4,006,0.074403
blog_content_cleaned.csv:39,001,0.555642
blog_content_cleaned.csv:39,004,0.444358
blog_content_cleaned.csv:74,001,0.946855
blog_content_cleaned.csv:74,003,0.053145
blog_content_cleaned.csv:109,002,0.82652
blog_content_cleaned.csv:109,001,0.17348
blog_content_cleaned.csv:144,002,0.911986
blog_content_cleaned.csv:144,001,0.06249
blog_content_cleaned.csv:144,006,0.025524
blog_content_cleaned.csv:179,003,0.304957
blog_content_cleaned.csv:179,001,0.293372
blog_content_cleaned.csv:179,002,0.151298
blog_content_cleaned.csv:179,000,0.141068
blog_content_cleaned.csv:179,004,0.109306
blog_content_cleaned.csv:209,002,0.51479
blog_content_cleaned.csv:209,005,0.413127
blog_content_cleaned.csv:209,006,0.072083
blog_content_cleaned.csv:244,003,0.685541
blog_content_cleaned.csv:244,000,0.314459
blog_content_cleaned.csv:279,001,0.471752
blog_content_cleaned.csv:279,002,0.462742
blog_content_cleaned.csv:279,005,0.035092
blog_content_cleaned.csv:279,004,0.030413
blog_content_cleaned.csv:314,004,0.781962
blog_content_cleaned.csv:314,005,0.210089
blog_content_cleaned.csv:314,002,0.007949
blog_content_cleaned.csv:349,001,0.688709
blog_content_cleaned.csv:349,005,0.192864
blog_content_cleaned.csv:349,003,0.118427
blog_content_cleaned.csv:384,001,0.841723
blog_content_cleaned.csv:384,004,0.158277
blog_content_cleaned.csv:27,003,0.799748
blog_content_cleaned.csv:27,002,0.200252
blog_content_cleaned.csv:62,006,0.770526
blog_content_cleaned.csv:62,001,0.195308
blog_content_cleaned.csv:62,002,0.034166
blog_content_cleaned.csv:97,005,0.540479
blog_content_cleaned.csv:97,003,0.391887
blog_content_cleaned.csv:97,004,0.067633
blog_content_cleaned.csv:132,000,0.896382
blog_content_cleaned.csv:132,005,0.052299
blog_content_cleaned.csv:132,006,0.051319
blog_content_cleaned.csv:167,002,0.533599
blog_content_cleaned.csv:167,000,0.265651
blog_content_cleaned.csv:167,003,0.20075
blog_content_cleaned.csv:197,006,0.831332
blog_content_cleaned.csv:197,004,0.144002
blog_content_cleaned.csv:197,002,0.024666
blog_content_cleaned.csv:232,001,0.95943
blog_content_cleaned.csv:232,000,0.04057
blog_content_cleaned.csv:267,002,0.955202
blog_content_cleaned.csv:267,003,0.028256
blog_content_cleaned.csv:267,001,0.016542
blog_content_cleaned.csv:302,001,0.666445
blog_content_cleaned.csv:302,006,0.251745
blog_content_cleaned.csv:302,000,0.063503
blog_content_cleaned.csv:302,004,0.018307
blog_content_cleaned.csv:337,003,0.684462
blog_content_cleaned.csv:337,004,0.275316
blog_content_cleaned.csv:337,000,0.040222
blog_content_cleaned.csv:372,002,0.637177
blog_content_cleaned.csv:372,003,0.336627
blog_content_cleaned.csv:372,001,0.026195
blog_content_cleaned.csv:25,002,0.652102
blog_content_cleaned.csv:25,001,0.256777
blog_content_cleaned.csv:25,005,0.091121
blog_content_cleaned.csv:60,000,0.615492
blog_content_cleaned.csv:60,006,0.384508
blog_content_cleaned.csv:95,003,0.641842
blog_content_cleaned.csv:95,002,0.358158
blog_content_cleaned.csv:130,000,0.388474
blog_content_cleaned.csv:130,004,0.252669
blog_content_cleaned.csv:130,006,0.233954
blog_content_cleaned.csv:130,003,0.124903
blog_content_cleaned.csv:165,004,0.785432
blog_content_cleaned.csv:165,003,0.20061
blog_content_cleaned.csv:165,001,0.013958
blog_content_cleaned.csv:195,005,0.541259
blog_content_cleaned.csv:195,003,0.28492
blog_content_cleaned.csv:195,001,0.173821
blog_content_cleaned.csv:230,001,0.634461
blog_content_cleaned.csv:230,006,0.314763
blog_content_cleaned.csv:230,002,0.050776
blog_content_cleaned.csv:265,003,0.536196
blog_content_cleaned.csv:265,006,0.184462
blog_content_cleaned.csv:265,001,0.165448
blog_content_cleaned.csv:265,002,0.113895
blog_content_cleaned.csv:300,005,0.892634
blog_content_cleaned.csv:300,006,0.107366
blog_content_cleaned.csv:335,005,0.663413
blog_content_cleaned.csv:335,003,0.215196
blog_content_cleaned.csv:335,001,0.121391
blog_content_cleaned.csv:370,002,0.882072
blog_content_cleaned.csv:370,006,0.117928
blog_content_cleaned.csv:10,002,0.6837
blog_content_cleaned.csv:10,001,0.150614
blog_content_cleaned.csv:10,003,0.144558
blog_content_cleaned.csv:10,000,0.021128
blog_content_cleaned.csv:45,001,0.511951
blog_content_cleaned.csv:45,004,0.311259
blog_content_cleaned.csv:45,002,0.160011
blog_content_cleaned.csv:45,000,0.016779
blog_content_cleaned.csv:80,000,0.47291
blog_content_cleaned.csv:80,006,0.321199
blog_content_cleaned.csv:80,001,0.106273
blog_content_cleaned.csv:80,003,0.099618
blog_content_cleaned.csv:115,004,0.447007
blog_content_cleaned.csv:115,000,0.409945
blog_content_cleaned.csv:115,006,0.143048
blog_content_cleaned.csv:150,006,0.852366
blog_content_cleaned.csv:150,002,0.077863
blog_content_cleaned.csv:150,004,0.069772
blog_content_cleaned.csv:185,001,0.930087
blog_content_cleaned.csv:185,005,0.040403
blog_content_cleaned.csv:185,002,0.029511
blog_content_cleaned.csv:215,001,1.0
blog_content_cleaned.csv:250,004,0.838647
blog_content_cleaned.csv:250,001,0.141273
blog_content_cleaned.csv:250,000,0.02008
blog_content_cleaned.csv:285,002,0.675222
blog_content_cleaned.csv:285,001,0.228846
blog_content_cleaned.csv:285,006,0.095932
blog_content_cleaned.csv:320,000,0.88804
blog_content_cleaned.csv:320,001,0.059387
blog_content_cleaned.csv:320,004,0.052572
blog_content_cleaned.csv:355,005,0.726886
blog_content_cleaned.csv:355,006,0.241987
blog_content_cleaned.csv:355,002,0.031126
blog_content_cleaned.csv:390,002,0.630648
blog_content_cleaned.csv:390,003,0.293336
blog_content_cleaned.csv:390,006,0.076016
blog_content_cleaned.csv:34,000,0.355118
blog_content_cleaned.csv:34,004,0.282073
blog_content_cleaned.csv:34,001,0.227527
blog_content_cleaned.csv:34,002,0.107243
blog_content_cleaned.csv:34,003,0.028039
blog_content_cleaned.csv:69,003,0.969562
blog_content_cleaned.csv:69,002,0.030438
blog_content_cleaned.csv:104,005,0.78198
blog_content_cleaned.csv:104,002,0.200588
blog_content_cleaned.csv:104,000,0.017432
blog_content_cleaned.csv:139,002,0.613786
blog_content_cleaned.csv:139,005,0.197068
blog_content_cleaned.csv:139,006,0.189146
blog_content_cleaned.csv:174,001,0.971133
blog_content_cleaned.csv:174,000,0.028867
blog_content_cleaned.csv:204,004,0.424868
blog_content_cleaned.csv:204,001,0.226681
blog_content_cleaned.csv:204,006,0.213382
blog_content_cleaned.csv:204,002,0.112969
blog_content_cleaned.csv:204,003,0.0221
blog_content_cleaned.csv:239,003,1.0
blog_content_cleaned.csv:274,001,0.462098
blog_content_cleaned.csv:274,004,0.315394
blog_content_cleaned.csv:274,002,0.222508
blog_content_cleaned.csv:309,005,0.445465
blog_content_cleaned.csv:309,002,0.269643
blog_content_cleaned.csv:309,004,0.233282
blog_content_cleaned.csv:309,003,0.051611
blog_content_cleaned.csv:344,005,0.897266
blog_content_cleaned.csv:344,000,0.102734
blog_content_cleaned.csv:379,006,0.447964
blog_content_cleaned.csv:379,004,0.364899
blog_content_cleaned.csv:379,000,0.187137
blog_content_cleaned.csv:31,004,0.554084
blog_content_cleaned.csv:31,003,0.365287
blog_content_cleaned.csv:31,006,0.080629
blog_content_cleaned.csv:66,004,0.938281
blog_content_cleaned.csv:66,003,0.061719
blog_content_cleaned.csv:101,000,0.854673
blog_content_cleaned.csv:101,001,0.066356
blog_content_cleaned.csv:101,004,0.058473
blog_content_cleaned.csv:101,002,0.020498
blog_content_cleaned.csv:136,001,0.723245
blog_content_cleaned.csv:136,002,0.276755
blog_content_cleaned.csv:171,002,0.514574
blog_content_cleaned.csv:171,005,0.449225
blog_content_cleaned.csv:171,001,0.036202
blog_content_cleaned.csv:201,005,0.504941
blog_content_cleaned.csv:201,006,0.24871
blog_content_cleaned.csv:201,001,0.1933
blog_content_cleaned.csv:201,002,0.053049
blog_content_cleaned.csv:236,002,0.544343
blog_content_cleaned.csv:236,003,0.32557
blog_content_cleaned.csv:236,001,0.130087
blog_content_cleaned.csv:271,001,0.51299
blog_content_cleaned.csv:271,002,0.487009
blog_content_cleaned.csv:306,002,0.417583
blog_content_cleaned.csv:306,005,0.238786
blog_content_cleaned.csv:306,001,0.219473
blog_content_cleaned.csv:306,004,0.124158
blog_content_cleaned.csv:341,005,0.983494
blog_content_cleaned.csv:341,002,0.016506
blog_content_cleaned.csv:376,006,0.475882
blog_content_cleaned.csv:376,000,0.421765
blog_content_cleaned.csv:376,004,0.102353
blog_content_cleaned.csv:11,005,0.698837
blog_content_cleaned.csv:11,003,0.209726
blog_content_cleaned.csv:11,001,0.091437
blog_content_cleaned.csv:46,004,0.567366
blog_content_cleaned.csv:46,001,0.368868
blog_content_cleaned.csv:46,003,0.063766
blog_content_cleaned.csv:81,003,0.368982
blog_content_cleaned.csv:81,002,0.337259
blog_content_cleaned.csv:81,004,0.186931
blog_content_cleaned.csv:81,005,0.106828
blog_content_cleaned.csv:116,003,0.418073
blog_content_cleaned.csv:116,006,0.229683
blog_content_cleaned.csv:116,004,0.212697
blog_content_cleaned.csv:116,001,0.073438
blog_content_cleaned.csv:116,002,0.066109
blog_content_cleaned.csv:151,003,0.558633
blog_content_cleaned.csv:151,004,0.207119
blog_content_cleaned.csv:151,006,0.157562
blog_content_cleaned.csv:151,001,0.076685
blog_content_cleaned.csv:186,002,0.495152
blog_content_cleaned.csv:186,001,0.250451
blog_content_cleaned.csv:186,006,0.091696
blog_content_cleaned.csv:186,004,0.067189
blog_content_cleaned.csv:186,005,0.052062
blog_content_cleaned.csv:186,003,0.043451
blog_content_cleaned.csv:216,003,0.752407
blog_content_cleaned.csv:216,004,0.247593
blog_content_cleaned.csv:251,006,0.442253
blog_content_cleaned.csv:251,002,0.401643
blog_content_cleaned.csv:251,001,0.156105
blog_content_cleaned.csv:286,004,0.571409
blog_content_cleaned.csv:286,002,0.428591
blog_content_cleaned.csv:321,000,0.986628
blog_content_cleaned.csv:321,006,0.013372
blog_content_cleaned.csv:356,001,0.833959
blog_content_cleaned.csv:356,005,0.149231
blog_content_cleaned.csv:356,003,0.016809
blog_content_cleaned.csv:391,006,0.655824
blog_content_cleaned.csv:391,005,0.245054
blog_content_cleaned.csv:391,002,0.099122
blog_content_cleaned.csv:23,006,0.500525
blog_content_cleaned.csv:23,005,0.222647
blog_content_cleaned.csv:23,001,0.164682
blog_content_cleaned.csv:23,002,0.058507
blog_content_cleaned.csv:23,004,0.05364
blog_content_cleaned.csv:58,006,0.864377
blog_content_cleaned.csv:58,001,0.104578
blog_content_cleaned.csv:58,002,0.031046
blog_content_cleaned.csv:93,003,0.745262
blog_content_cleaned.csv:93,004,0.150472
blog_content_cleaned.csv:93,006,0.104267
blog_content_cleaned.csv:128,001,0.460566
blog_content_cleaned.csv:128,005,0.283532
blog_content_cleaned.csv:128,002,0.158304
blog_content_cleaned.csv:128,000,0.097597
blog_content_cleaned.csv:163,002,0.937937
blog_content_cleaned.csv:163,000,0.062063
blog_content_cleaned.csv:193,000,0.614906
blog_content_cleaned.csv:193,002,0.385095
blog_content_cleaned.csv:228,003,0.660365
blog_content_cleaned.csv:228,004,0.191178
blog_content_cleaned.csv:228,005,0.148457
blog_content_cleaned.csv:263,005,0.893968
blog_content_cleaned.csv:263,001,0.106032
blog_content_cleaned.csv:298,000,0.722334
blog_content_cleaned.csv:298,004,0.234538
blog_content_cleaned.csv:298,001,0.043127
blog_content_cleaned.csv:333,000,0.462883
blog_content_cleaned.csv:333,006,0.366508
blog_content_cleaned.csv:333,003,0.170609
blog_content_cleaned.csv:368,003,0.602297
blog_content_cleaned.csv:368,002,0.204283
blog_content_cleaned.csv:368,001,0.19342
blog_content_cleaned.csv:17,001,0.951233
blog_content_cleaned.csv:17,002,0.048767
blog_content_cleaned.csv:52,006,0.973335
blog_content_cleaned.csv:52,000,0.026665
blog_content_cleaned.csv:87,000,0.475972
blog_content_cleaned.csv:87,002,0.277213
blog_content_cleaned.csv:87,004,0.162907
blog_content_cleaned.csv:87,001,0.083908
blog_content_cleaned.csv:122,001,0.411611
blog_content_cleaned.csv:122,006,0.303788
blog_content_cleaned.csv:122,002,0.161257
blog_content_cleaned.csv:122,003,0.123344
blog_content_cleaned.csv:157,002,0.657254
blog_content_cleaned.csv:157,001,0.198092
blog_content_cleaned.csv:157,004,0.144654
blog_content_cleaned.csv:222,000,0.844546
blog_content_cleaned.csv:222,006,0.088719
blog_content_cleaned.csv:222,004,0.066735
blog_content_cleaned.csv:257,002,0.964014
blog_content_cleaned.csv:257,004,0.035986
blog_content_cleaned.csv:292,005,0.467572
blog_content_cleaned.csv:292,003,0.308188
blog_content_cleaned.csv:292,002,0.1865
blog_content_cleaned.csv:292,001,0.037739
blog_content_cleaned.csv:327,005,0.567088
blog_content_cleaned.csv:327,001,0.26671
blog_content_cleaned.csv:327,000,0.166203
blog_content_cleaned.csv:362,000,0.441318
blog_content_cleaned.csv:362,002,0.437319
blog_content_cleaned.csv:362,004,0.121363
blog_content_cleaned.csv:13,003,0.829048
blog_content_cleaned.csv:13,004,0.170952
blog_content_cleaned.csv:48,001,0.580166
blog_content_cleaned.csv:48,003,0.322739
blog_content_cleaned.csv:48,005,0.097094
blog_content_cleaned.csv:83,001,0.547879
blog_content_cleaned.csv:83,003,0.254341
blog_content_cleaned.csv:83,004,0.19778
blog_content_cleaned.csv:118,005,0.858479
blog_content_cleaned.csv:118,002,0.074513
blog_content_cleaned.csv:118,003,0.067008
blog_content_cleaned.csv:153,003,0.513499
blog_content_cleaned.csv:153,001,0.38567
blog_content_cleaned.csv:153,006,0.100831
blog_content_cleaned.csv:188,002,0.861327
blog_content_cleaned.csv:188,001,0.138673
blog_content_cleaned.csv:218,003,0.792602
blog_content_cleaned.csv:218,002,0.207398
blog_content_cleaned.csv:253,002,0.532598
blog_content_cleaned.csv:253,006,0.368625
blog_content_cleaned.csv:253,000,0.098776
blog_content_cleaned.csv:288,003,0.558506
blog_content_cleaned.csv:288,005,0.287381
blog_content_cleaned.csv:288,006,0.154113
blog_content_cleaned.csv:323,000,0.680948
blog_content_cleaned.csv:323,003,0.219255
blog_content_cleaned.csv:323,006,0.099797
blog_content_cleaned.csv:358,001,0.83627
blog_content_cleaned.csv:358,005,0.163731
blog_content_cleaned.csv:9,001,0.477776
blog_content_cleaned.csv:9,006,0.306632
blog_content_cleaned.csv:9,004,0.215592
blog_content_cleaned.csv:44,003,0.792212
blog_content_cleaned.csv:44,002,0.130923
blog_content_cleaned.csv:44,006,0.076865
blog_content_cleaned.csv:79,000,0.534037
blog_content_cleaned.csv:79,002,0.271419
blog_content_cleaned.csv:79,004,0.126287
blog_content_cleaned.csv:79,001,0.068258
blog_content_cleaned.csv:114,005,0.65796
blog_content_cleaned.csv:114,002,0.34204
blog_content_cleaned.csv:149,001,0.789005
blog_content_cleaned.csv:149,005,0.153074
blog_content_cleaned.csv:149,003,0.057921
blog_content_cleaned.csv:184,005,0.638253
blog_content_cleaned.csv:184,002,0.361747
blog_content_cleaned.csv:214,002,0.51711
blog_content_cleaned.csv:214,003,0.325253
blog_content_cleaned.csv:214,005,0.141227
blog_content_cleaned.csv:214,001,0.01641
blog_content_cleaned.csv:249,006,0.632407
blog_content_cleaned.csv:249,001,0.367593
blog_content_cleaned.csv:284,001,0.793657
blog_content_cleaned.csv:284,002,0.146707
blog_content_cleaned.csv:284,005,0.059636
blog_content_cleaned.csv:319,001,0.482211
blog_content_cleaned.csv:319,000,0.294514
blog_content_cleaned.csv:319,004,0.223276
blog_content_cleaned.csv:354,004,0.791525
blog_content_cleaned.csv:354,005,0.208475
blog_content_cleaned.csv:389,004,0.882274
blog_content_cleaned.csv:389,002,0.081107
blog_content_cleaned.csv:389,000,0.036619
blog_content_cleaned.csv:15,002,0.845643
blog_content_cleaned.csv:15,000,0.080752
blog_content_cleaned.csv:15,001,0.073606
blog_content_cleaned.csv:50,000,0.429511
blog_content_cleaned.csv:50,001,0.299096
blog_content_cleaned.csv:50,004,0.271393
blog_content_cleaned.csv:85,002,0.56784
blog_content_cleaned.csv:85,006,0.34727
blog_content_cleaned.csv:85,003,0.08489
blog_content_cleaned.csv:120,006,0.349077
blog_content_cleaned.csv:120,002,0.254247
blog_content_cleaned.csv:120,001,0.21669
blog_content_cleaned.csv:120,004,0.157912
blog_content_cleaned.csv:120,003,0.022073
blog_content_cleaned.csv:155,002,0.678253
blog_content_cleaned.csv:155,006,0.220559
blog_content_cleaned.csv:155,004,0.101189
blog_content_cleaned.csv:220,001,0.687489
blog_content_cleaned.csv:220,003,0.238542
blog_content_cleaned.csv:220,004,0.073969
blog_content_cleaned.csv:255,005,0.471727
blog_content_cleaned.csv:255,001,0.329999
blog_content_cleaned.csv:255,000,0.131849
blog_content_cleaned.csv:255,003,0.066425
blog_content_cleaned.csv:290,003,0.722189
blog_content_cleaned.csv:290,001,0.277811
blog_content_cleaned.csv:325,005,0.983108
blog_content_cleaned.csv:325,002,0.016892
blog_content_cleaned.csv:360,006,0.936844
blog_content_cleaned.csv:360,002,0.041564
blog_content_cleaned.csv:360,001,0.021591
blog_content_cleaned.csv:32,000,0.569725
blog_content_cleaned.csv:32,004,0.301341
blog_content_cleaned.csv:32,006,0.128934
blog_content_cleaned.csv:67,002,0.433078
blog_content_cleaned.csv:67,003,0.384666
blog_content_cleaned.csv:67,004,0.097189
blog_content_cleaned.csv:67,001,0.085068
blog_content_cleaned.csv:102,006,0.496134
blog_content_cleaned.csv:102,000,0.319377
blog_content_cleaned.csv:102,004,0.184488
blog_content_cleaned.csv:137,003,0.642079
blog_content_cleaned.csv:137,004,0.349392
blog_content_cleaned.csv:137,002,0.008529
blog_content_cleaned.csv:172,002,0.574961
blog_content_cleaned.csv:172,005,0.255651
blog_content_cleaned.csv:172,006,0.102987
blog_content_cleaned.csv:172,001,0.066401
blog_content_cleaned.csv:202,005,0.422094
blog_content_cleaned.csv:202,006,0.304758
blog_content_cleaned.csv:202,004,0.273148
blog_content_cleaned.csv:237,002,0.651773
blog_content_cleaned.csv:237,003,0.232363
blog_content_cleaned.csv:237,006,0.115864
blog_content_cleaned.csv:272,004,0.614685
blog_content_cleaned.csv:272,000,0.221144
blog_content_cleaned.csv:272,003,0.110257
blog_content_cleaned.csv:272,002,0.053914
blog_content_cleaned.csv:307,000,0.502065
blog_content_cleaned.csv:307,006,0.432759
blog_content_cleaned.csv:307,005,0.047188
blog_content_cleaned.csv:307,001,0.017988
blog_content_cleaned.csv:342,002,0.502682
blog_content_cleaned.csv:342,001,0.497318
blog_content_cleaned.csv:377,005,0.457347
blog_content_cleaned.csv:377,004,0.370109
blog_content_cleaned.csv:377,001,0.172544
